trace,end_ms
cross001,1000
cross002,1000
cross003,1000
cross004,1000
cross005,1000
cross006,1000
cross007,1000
cross008,1000
cross009,1000
cross010,1000
cross011,1000
cross012,1000
cross013,1000
cross014,1000
cross015,1000
cross016,1000
cross017,1000
cross018,1000
cross019,1000
cross020,1000
cross021,1000
cross022,1000
cross023,1000
cross024,1000
cross025,1000
cross026,1000
cross027,1000
cross028,1000
cross029,1000
cross030,1000
cross031,1000
cross032,1000
cross033,1000
cross034,1000
cross035,1000
cross036,1000
cross037,1000
cross038,1000
cross039,1000
cross040,1000
cross041,1000
cross042,1000
cross043,1000
cross044,1000
cross045,1000
cross046,1000
cross047,1000
cross048,1000
cross049,1000
cross050,1000
cross051,1000
cross052,1000
cross053,1000
cross054,1000
cross055,1000
cross056,1000
cross057,1000
cross058,1000
cross059,1000
cross060,1000
cross061,1000
cross062,1000
cross063,1000
cross064,1000
cross065,1000
cross066,1000
cross067,1000
cross068,1000
cross069,1000
cross070,1000
cross071,1000
cross072,1000
cross073,1000
cross074,1000
cross075,1000
