time,aX,aY,aZ,gX,gY,gZ,faX,faY,faZ,fgX,fgY,fgZ
0.13358843200001047,8.413164261599999,-1.0576275892,0.6819544409999999,-18.830000000000002,-17.78,42.28,7.33136916414,0.5861218958700002,2.8619354707300007,-8.211000000000007,-17.661,25.6935
0.14360338999995292,8.836693861799999,-0.6604190375999999,0.9427721043999999,-19.250000000000004,-5.6000000000000005,40.11000000000001,7.410691233330001,0.5129015243100001,2.6005196016800007,-5.481000000000004,-19.883499999999998,27.450499999999998
0.15329634799991254,9.2051885422,-0.39720855159999996,1.2801600909999997,-12.110000000000001,0.49000000000000005,41.370000000000005,7.54803925057,0.43537407206999984,2.03007069384,-21.448000000000004,-25.014500000000005,28.4095
0.162921307999909,9.4253282214,-0.4331008906,1.8305092889999999,-10.57,5.32,42.21,7.6155168478899995,0.3905086483199998,1.9592431448799996,-26.92900000000001,-25.9875,30.593500000000006
0.17154727100000855,9.655039190999998,-0.6173482307999999,2.0673987264,-14.280000000000001,6.090000000000001,40.53,7.692446094479999,0.32255248648,1.8922441120799995,-29.750000000000007,-24.7905,32.8615
0.18016623400001208,9.789037256599999,-0.9020941201999999,2.6009981662,-21.490000000000002,5.040000000000001,35.56,7.784569764579999,0.22384855422999994,1.8484554584999995,-32.31900000000001,-24.048500000000004,35.028
0.1885951979999163,9.8919286284,-1.2203395259999998,2.8666014748,-24.290000000000003,2.8000000000000003,32.480000000000004,7.891768217059999,0.0888933595899999,1.8161523533999993,-34.023500000000006,-22.96,36.918000000000006
0.19760115999997652,10.200602743800001,-1.4931213023999999,3.1441688964,-24.150000000000002,-17.5,28.980000000000004,8.026723411699999,-0.0753739119,1.8003597242399998,-35.497,-22.756999999999998,38.3355
0.2063341229999196,10.394421374399998,-1.8329021115999997,3.1250263156,-21.28,-1.4000000000000001,25.62,8.18453006217,-0.2653640263399999,1.7897116636699995,-36.66250000000001,-21.651,39.242000000000004
0.2150700859999688,10.6791672638,-2.2157537275999997,3.1393832511999995,-20.44,-1.2600000000000002,22.05,8.36817919672,-0.4795216490399999,1.78480637734,-37.46750000000001,-20.419,39.543
0.22364504899996973,10.8299150876,-2.4741785683999997,3.2303105099999994,-20.650000000000002,-1.4000000000000001,16.73,8.56845844834,-0.7002595338899998,1.7941383854800002,-37.870000000000005,-19.0505,39.112500000000004
0.2324780120000014,11.0285193634,-2.8307091357999994,3.2087751065999996,-20.720000000000002,0.07,7.910000000000001,8.793623055,-0.9275776808899998,1.8439090955599997,-37.632000000000005,-17.282999999999994,37.73
0.24528995699995448,11.004591137399999,-2.931207685,3.5772697869999996,-18.62,0.7000000000000001,-3.08,9.00849852448,-1.12953190833,1.9161723380799998,-36.46650000000001,-15.260000000000002,35.441
0.25613791099999617,10.980662911399998,-2.9048866364,3.7351960785999996,-12.950000000000001,1.6800000000000002,-11.620000000000001,9.22409184074,-1.31030965576,2.0236100728199995,-34.237,-12.967499999999998,32.5465
0.26717686399990725,10.853843313599997,-2.9886354273999993,3.7543386593999997,-7.280000000000001,1.1900000000000002,-18.060000000000002,9.430592431120001,-1.4665609715399999,2.14612258994,-30.975000000000005,-10.559500000000002,29.186500000000002
0.27833481699997265,10.741380651399998,-2.8522445392,3.840480273,-3.5000000000000004,-0.7000000000000001,-26.46,9.61890756974,-1.58919312979,2.2844277362199996,-27.104000000000003,-8.2775,25.354
0.2894387689999576,10.576275892,-2.667997199,3.6753755135999997,-2.7300000000000004,-4.41,-32.970000000000006,9.786524792869999,-1.68777742091,2.4279970922199996,-23.156,-6.300000000000001,21.220499999999998
0.3011257199999591,10.4470634716,-2.1511475173999997,3.314059301,-3.9200000000000004,-9.100000000000001,-36.260000000000005,9.93703333441,-1.74747834478,2.5613969521699995,-19.572,-4.746,16.950500000000005
0.3114836759999662,10.2460663732,-1.7539389658,2.9455646205999995,-7.98,-11.620000000000001,-38.64,10.063494008819998,-1.77774755067,2.67541494906,-16.751,-3.661,12.666500000000008
0.3216136329999699,10.013962581,-1.5936198515999997,2.7469603447999997,-10.920000000000002,-12.39,-36.82,10.160642606379998,-1.7989240306799998,2.78536514753,-14.798000000000002,-2.989,8.596000000000007
0.3319055889999163,10.04985492,-1.3686945271999997,2.6344976825999997,-35.21,-13.580000000000002,-38.99,10.242477139299998,-1.81447737758,2.88299230961,-15.617,-2.779,4.532500000000008
0.34205054599999585,9.6000042712,-1.4524433182,2.5148565526,-23.380000000000003,-13.510000000000002,-40.81,10.280642659769999,-1.8540785916099995,2.96159653202,-15.8235,-3.1745000000000005,0.48650000000000554
0.35190350400000625,9.523433948,-1.4141581565999999,1.8616159827999998,-27.230000000000004,-13.020000000000001,-39.830000000000005,10.296554930059997,-1.9049260718599996,2.99066932661,-16.5795,-3.85,-3.5735
0.363062455999966,9.7244310464,-1.3543375915999998,2.2013967919999997,-31.360000000000003,-13.370000000000001,-40.81,10.311510071309996,-1.9509879069099996,3.0092137017599994,-17.619,-4.7844999999999995,-7.724500000000002
0.3733644120000008,9.549754996599999,-1.3543375915999998,1.8999011443999998,-31.85,-12.81,-41.510000000000005,10.306245861589998,-1.9878373749499996,3.0008388226599996,-18.4975,-5.7295,-11.826500000000001
0.38405536699997356,9.5736832226,-1.3902299305999999,1.8640088054,-31.500000000000004,-11.690000000000001,-45.36000000000001,10.29547815989,-2.01224416547,2.9639893546199994,-18.998,-6.566000000000001,-15.872500000000002
0.3944473230000085,9.5066841898,-1.3974083984,1.6295121905999996,-23.94,-8.33,-47.81,10.27621593796,-2.02109760909,2.9021348904099993,-18.9805,-7.1225000000000005,-19.887000000000004
0.40405328199994983,9.317651204399999,-0.8805587167999999,1.1078768637999998,-10.850000000000001,-3.7100000000000004,-47.95,10.23206836099,-1.9904694798100002,2.800320288779999,-18.315500000000004,-6.433,-23.733500000000003
0.415637232999984,9.33200814,-1.1748758966,1.232303639,-2.45,2.9400000000000004,-51.870000000000005,10.178947699270001,-1.95756816906,2.7056841549499993,-17.374000000000002,-6.216,-27.608000000000004
0.42637118699997245,9.0424766054,-0.8757730716000001,1.4333007374,1.9600000000000002,8.05,-53.34,10.097113166349999,-1.8905691362600003,2.6203800292599992,-16.254000000000005,-5.750500000000001,-31.377500000000005
0.4366711430000123,8.7050886188,-0.6125625856,1.5361921092,4.0600000000000005,11.410000000000002,-53.2,9.99087184291,-1.7974883371200003,2.5356741092199995,-15.018500000000003,-5.11,-34.87400000000001
0.4474100969999881,8.516055633399999,-0.4283152454,1.7395820302,5.74,11.760000000000002,-51.31,9.86524865641,-1.6773686426,2.4622144553999994,-13.695500000000004,-4.5255,-37.835
0.45781605299998773,8.360522164399999,-0.1579262916,1.8496518698,7.280000000000001,12.180000000000001,-50.82000000000001,9.73304520776,-1.53870457293,2.3758335595399998,-12.400500000000001,-3.9515000000000002,-40.22200000000001
0.46838900799991734,8.2097743406,0.1339980656,2.0410776778,9.030000000000001,12.39,-50.120000000000005,9.594500779219999,-1.3867603378299997,2.2911276395,-11.301499999999999,-3.4159999999999995,-42.147000000000006
0.4790479629999709,8.13559684,0.5335994398,2.2636101795999997,12.950000000000001,12.39,-47.67,9.45858845554,-1.2106485944699998,2.21659121551,-10.29,-2.8560000000000003,-43.627500000000005
0.4896159179999131,8.0685978072,0.8255237969999999,3.0436703471999995,19.250000000000004,12.180000000000001,-42.42,9.32494931333,-1.02676017766,2.1767507192199997,-9.1525,-2.212,-44.425500000000014
0.5002268729999741,7.9130643382,1.3902299305999999,2.476571391,25.200000000000003,12.740000000000002,-34.93000000000001,9.19178873564,-0.82384882118,2.1168105130900003,-7.755999999999998,-1.3544999999999994,-44.5235
0.5099628309999389,7.755138046599999,0.8973084749999999,2.6057838114,23.1,14.070000000000002,-30.310000000000002,9.05719246439,-0.6714260215599999,2.0813967386100005,-6.404999999999999,-0.19599999999999965,-44.226
0.5214847819999022,7.6785677234,0.8853443619999999,2.7589244577999996,18.970000000000002,12.600000000000001,-24.71,8.9288175319,-0.53946185517,2.07206473047,-5.057499999999999,1.0150000000000001,-43.529500000000006
0.5320197379999172,7.470392157199999,0.5982056499999999,2.9838497821999996,13.090000000000002,9.590000000000002,-19.810000000000002,8.80163901071,-0.42987058008999995,2.08390920234,-3.856999999999998,2.1140000000000008,-42.678999999999995
0.5433406889999333,7.286144816999999,0.47856451999999994,3.0556344601999994,8.33,5.32,-12.88,8.66345350556,-0.33750762773,2.1049660412199995,-1.679999999999999,3.059,-41.37349999999999
0.553669646000003,7.255038123199999,0.38524443859999996,3.0077780082,5.74,2.24,-6.86,8.54620519816,-0.24562323988999993,2.1296121139999995,-0.22399999999999737,3.846500000000001,-39.676
0.5640356010000005,7.812565788999999,0.4235296002,2.8594230069999997,6.580000000000001,0.21000000000000002,0.28,8.46066179021,-0.15373885204999987,2.1795024652099992,1.4665000000000015,4.508,-37.67049999999999
0.5730965629999218,6.927221427,-0.10289137179999999,3.0484559924,3.7800000000000002,0.9100000000000001,4.69,8.32080130924,-0.09116654106000013,2.2218554252299993,3.223499999999999,5.2219999999999995,-35.39549999999999
0.5830315209999526,6.5300128754,-0.22731814699999997,2.9144579268,11.270000000000001,-1.9600000000000002,13.72,8.16981420318,-0.0348155688300001,2.2725832643499997,5.379499999999999,5.7645,-32.63399999999999
0.5912684859999899,6.943971185199999,-0.6029912951999999,3.0819555087999997,11.200000000000001,-4.41,15.890000000000002,8.038328601309999,0.0045463629399999485,2.3334805995199996,7.5145,6.128500000000001,-29.571499999999997
0.599635449999937,6.644868360199999,-0.9260223461999999,2.9599215562,13.650000000000002,-4.83,20.580000000000002,7.8952378098299985,0.028115665550000002,2.4000010678,9.394000000000002,6.303500000000001,-26.151999999999997
0.607886414999939,6.611368843799999,-1.3710873497999998,3.3355947043999996,34.160000000000004,-7.3500000000000005,26.810000000000002,7.759923691799997,0.0035892339000000105,2.51138695983,11.644500000000003,6.121500000000002,-22.414000000000005
0.6175763740000093,6.7453669093999995,-0.9834500885999999,2.6464617955999996,13.580000000000002,-8.680000000000001,35.07,7.630591630269999,0.013160524299999999,2.5820948676599995,12.446000000000003,5.540500000000002,-18.067000000000004
0.6271813329999532,6.9128644914,-1.1270194446,2.5746771176,7.840000000000001,-5.32,43.540000000000006,7.524111024569999,0.0005982056499999721,2.6391636866699995,12.740000000000004,4.872000000000002,-13.223000000000003
0.6353852979999601,7.039684089199999,-0.9260223461999999,2.8857440556,4.760000000000001,-4.48,51.24,7.440840798089998,-0.015074782380000018,2.70664128399,12.775000000000002,4.0775000000000015,-8.001000000000001
0.6448812579999412,6.857829571599999,-0.5934200048,3.3667013982,10.010000000000002,-7.07,64.54,7.357929494999999,-0.02333002034999999,2.78799725239,12.988500000000002,3.136,-2.2085000000000017
0.6556002119999675,7.142575461,-0.29910282499999996,4.271188340999999,24.78,-11.06,78.19000000000001,7.297032159830001,-0.03038884701999999,2.9090740759499996,13.863500000000002,1.9739999999999998,4.241999999999999
0.6662771669999756,7.3435725594,0.5886343596,4.3645084224,32.550000000000004,-15.96,82.25000000000001,7.25372207077,-0.007657032320000002,3.0252456131799996,15.0395,0.5565000000000004,10.860500000000002
0.6768031219999102,7.3651079628,1.5170495283999998,3.7543386593999997,25.060000000000002,-28.210000000000004,90.44000000000001,7.215197626909999,0.04151547211,3.0997820371699993,15.645,-1.4735000000000003,17.766000000000002
0.6874430759999086,8.1667035338,3.7782668854,4.0606199522,6.370000000000001,-36.540000000000006,115.01,7.220102913239998,0.18915262653,3.1506295174199996,15.001,-3.9095000000000004,25.6375
0.6978730319999613,9.9876415324,6.068198113599999,3.5892338999999995,2.0300000000000002,-41.370000000000005,147.84,7.323831772949998,0.42305103568,3.206262642869999,13.842500000000001,-6.615,34.776
0.7084919870000022,11.447263318400001,8.2504523248,2.9958138951999995,5.040000000000001,-18.76,178.64000000000001,7.508438036539998,0.79070822817,3.225764147059999,12.9395,-8.256499999999999,45.2235
0.7182629449999922,12.404392358399999,9.8608219346,2.8378876036,18.060000000000002,-17.220000000000002,218.82000000000002,7.744729268289999,1.2394821068,3.2297123043499996,12.894,-9.7475,57.4
0.7292248989999734,14.6488599572,11.507083883399998,2.5890340531999994,66.85000000000001,2.8000000000000003,251.65000000000003,8.103652658289999,1.78492601847,3.2099715179,15.582000000000003,-10.087,70.97300000000001
0.7391888559999416,17.235501187799997,13.320843414199999,3.2159535744,91.91000000000001,33.32,261.73,8.60112047683,2.4270399631799995,3.2179874736100005,19.761000000000003,-8.687000000000001,84.7035
0.7486378159999276,19.972890242199995,14.452648503999999,3.4552358344000003,140.35000000000002,55.440000000000005,261.1,9.237013082779999,3.1304101664499995,3.24036036492,26.49150000000001,-6.026999999999999,98.10150000000002
0.7602657669999644,22.382462600399997,15.699309078599999,3.3475588174,177.03000000000003,88.83000000000001,263.34000000000003,9.96550792335,3.8941991403699996,3.26476715544,35.01400000000001,-1.5960000000000008,111.25450000000001
0.7705587229999082,27.598815868399996,16.0606252912,0.9786644433999999,200.62000000000003,81.76,270.13000000000005,10.99908764542,4.70237497352,3.1612775779899995,44.856,2.4465000000000012,124.52650000000003
0.781162677999987,30.9918383152,14.388042293799998,-1.8951154991999999,205.24,103.88000000000001,304.50000000000006,12.222178917409998,5.433142995559999,2.92079890669,54.554500000000004,7.7385,139.06550000000001
0.7915656339999941,33.353554221399996,11.054840412,-4.2017964856,231.42000000000002,139.93,268.8,13.54265806922,6.0160345809199995,2.5566113069699994,65.56550000000001,14.9555,151.71100000000004
0.8015275909999673,32.980273895799996,8.5854474888,-6.6831535217999996,243.39000000000001,183.33,283.64000000000004,14.859428345999998,6.491608072669999,2.07445755307,77.05250000000002,24.363500000000005,164.86400000000003
0.8121585459999778,30.613772344399997,6.166303840199999,-6.9726850564,314.3,227.43000000000004,298.06,16.05954852103,6.8684776321699985,1.5590435650299996,91.0595,36.102500000000006,178.42650000000003
0.8233964979999655,26.9025044918,5.599204884,-6.3936219871999995,442.89000000000004,264.74,312.27000000000004,17.06740540015,7.197610380799999,1.10703937589,112.525,49.773500000000006,192.28650000000002
0.8335894549999239,20.566310246999997,6.0394842423999995,-5.362315446599999,507.57000000000005,301.49,310.38000000000005,17.75007768793,7.555935565149997,0.7101897476799997,137.5115,65.114,205.62850000000003
0.8427414159999671,11.152946138599999,4.7258246349999995,-2.7373890543999995,502.25000000000006,328.72,289.94000000000005,17.955740790399997,7.8385279142099975,0.4290330921799993,162.38600000000002,81.77400000000002,217.56350000000003
0.8516443779999463,1.7587246109999999,3.9074793057999995,-1.6630117069999997,439.88000000000005,361.06000000000006,264.39000000000004,17.70078554237,8.063572879739997,0.1775474369199997,183.87950000000004,100.18050000000001,227.55600000000004
0.8626653309999028,-9.848857821599998,3.7160534977999995,-0.9284151687999999,288.61,339.64000000000004,297.36,16.851213878239996,8.264330695879998,-0.08243273857000022,197.07100000000003,117.71549999999999,238.51450000000006
0.8727182879999873,-17.716458530399997,1.256231865,-0.5407779076,284.69000000000005,333.13000000000005,308.21000000000004,15.598212323749996,8.297710571149999,-0.3276970550699999,209.67800000000003,135.17000000000002,249.81250000000006
0.8830842439999742,-27.574887642399997,1.8448662245999998,-3.0963124444,374.50000000000006,350.91,289.03000000000003,13.851212543489998,8.314101405959997,-0.6702296102599999,227.15,154.126,259.742
0.8935451999999486,-35.361132382799994,1.6414763035999997,-2.6129622791999996,439.53000000000003,438.62000000000006,284.34000000000003,11.674820747659998,8.207261876869996,-1.0039087218299998,248.80800000000005,177.884,268.2085
0.9028101599999445,-37.981273129799995,3.2255248647999997,-3.3571301077999993,452.34000000000003,499.03000000000003,282.45000000000005,9.276375014549995,8.065128214429999,-1.35122692222,271.3235,204.904,274.93899999999996
0.9111331249999921,-52.77130962039999,4.139583098,-1.9525432415999997,448.56000000000006,500.9200000000001,327.46000000000004,6.065446367609998,7.85958475309,-1.5986447790599996,293.49950000000007,230.888,282.38
0.9193670899999233,-53.388657851199994,2.5268206656,7.5110701413999985,516.46,477.75000000000006,383.81000000000006,2.7757938571299983,7.49288468964,-1.3649856521699995,318.4195,255.63649999999998,290.6295
0.9300670439999976,-45.765125047599994,3.7639099497999995,24.7130718128,694.4000000000001,467.88000000000005,397.53000000000003,-0.24490539311000106,7.105725992960001,-0.25878376418999965,349.797,278.89050000000003,297.9235
0.9417479949999006,-39.31407531799999,5.611168996999999,34.688749232199996,730.5200000000001,434.98,323.26000000000005,-3.072384218400002,6.720242272099999,1.3148560187000002,381.7275000000001,298.97349999999994,301.00000000000006
0.9527699479999683,-32.5806725216,8.6787675702,37.4428880448,268.1,327.18,156.52,-5.700062356590001,6.431548225409999,3.0142386292200003,388.1150000000001,312.56050000000005,295.7710000000001
0.9636729009999954,-23.3754839794,-7.6283184488,24.7035005224,-277.62,-35.42,24.570000000000004,-7.987959685580002,5.265166849039998,4.08203571447,365.3825000000001,306.34800000000007,283.8325000000001
0.9741548569999168,-12.172288566199999,-14.785250845399998,15.0771752026,-512.96,-231.07000000000002,-150.08,-9.976514907310001,3.7228730422099994,4.78696125243,329.7035000000001,290.70650000000006,262.82200000000006
0.9840808139999808,-5.7236316592000005,-7.953742322399998,5.9653067418,-488.04,-257.53000000000003,-264.6,-11.812288406030001,2.605783811399999,5.17998236448,295.0395000000001,272.6360000000001,234.36700000000005
0.995636764999972,-9.1381895094,0.8685946038,3.1585258319999996,-272.58000000000004,-205.03000000000003,-228.06000000000003,-13.936875592569999,2.09647152099,5.547998480360001,269.8395000000001,255.3880000000001,209.52400000000003
1.005704721999905,-8.7361953126,5.556134077199999,2.1678972755999997,-43.540000000000006,-163.73000000000002,-134.89000000000001,-16.022699052989996,1.9450058504100003,5.990551020230001,255.4930000000001,238.03500000000014,188.59750000000003
1.014905682999938,-7.980063371,3.8691941441999997,1.8592231602,89.67,-144.69000000000003,-72.73,-17.952390838759992,1.8301503656100002,6.43214643106,244.26150000000007,219.42900000000014,170.05800000000008
1.026008635999915,-7.6737820782,3.4049865597999993,2.950350265799999,94.15,-132.65,-114.31000000000002,-19.681205167259996,1.7204394494000002,6.899345043710002,226.82450000000009,199.55950000000013,148.72900000000007
1.035786594000001,-6.5276200528,4.816751893799999,3.9481572899999993,6.720000000000001,-138.60000000000002,-164.92000000000002,-21.035901682249992,1.6593028319699996,7.364868680540002,201.7820000000001,177.55500000000012,124.96400000000006
1.0449645549999786,-6.3840506968,7.714460062399999,4.3525443094,-152.88000000000002,-161.84,-213.01000000000002,-21.912751524019992,1.8087346033399996,7.719365348730001,169.02550000000005,153.027,99.81650000000003
1.0562565069999437,-6.5419769884,9.3104727366,4.649254311799999,-241.08,-187.53000000000003,-213.29000000000002,-22.327786603989995,2.0788842748799996,8.034978649670002,134.97750000000005,125.59749999999994,75.93250000000006
1.0667354629999863,-6.608976021199999,8.149953775599998,6.084947871799999,-251.44000000000003,-183.12,-176.68,-22.165792513969993,2.30057928877,8.385646801700002,107.97500000000002,99.45949999999996,52.23050000000004
1.076892419999922,-5.931807225399999,5.7690952886,6.084947871799999,-197.4,-166.46,-143.99,-21.576559948719996,2.5262224599499996,8.716933090670002,83.87050000000002,74.47999999999999,29.620500000000014
1.086447378999992,-6.142375614199999,2.9647072013999995,6.891329088,-173.95000000000002,-146.37,-129.92000000000002,-20.50493434730999,2.58221450879,9.216315167290002,56.448000000000015,49.61599999999998,8.67300000000003
1.0947033439999814,-6.8530439264,0.28235306679999994,7.877171999199999,-198.59000000000003,-138.67000000000002,-133.70000000000002,-19.079529924489997,2.5142583469499997,9.740821881210001,24.54200000000002,20.75149999999998,-12.229000000000003
1.1030373080000118,-7.616354335799999,-2.2205393728,9.1549392676,-235.20000000000002,-139.02,-143.5,-17.561283984790002,2.2419551350699995,10.366425349980002,-9.834999999999994,-11.151000000000007,-33.5265
1.1113682729999255,-8.13559684,-5.178068106399999,9.9972128228,-309.82000000000005,-146.3,-166.53000000000003,-15.32949834577,1.7760725748499993,10.963913153200002,-47.754000000000005,-43.511999999999986,-58.22600000000001
1.119890236999936,-8.0255270004,-6.857829571599999,10.2077812116,-373.73,-156.24,-224.35000000000002,-13.061341803229999,1.30684006299,11.098748706710001,-92.2635,-75.21150000000002,-88.63400000000001
1.1281752009999764,-7.4201428825999995,-7.216752961599999,9.4301138666,-439.67,-164.64000000000001,-256.69,-11.144092694979998,0.7578069174199997,10.334600809400005,-148.967,-106.8375,-121.345
1.1365281659999482,-6.4319071488,-7.039684089199999,8.571090553199998,-491.26000000000005,-171.64000000000001,-282.45000000000005,-9.49998428652,0.12526426310999975,9.028717875450003,-210.05599999999998,-137.1685,-151.63050000000004
1.144993129999989,-4.9196432655999995,-6.7740807806,8.0662049846,-517.5100000000001,-176.61,-298.41,-8.116932823720001,-0.6473781544299999,7.55988372244,-249.33650000000003,-162.358,-174.377
1.153261094999948,-2.8761727651999998,-5.7212388366,7.0851477186,-523.25,-179.55,-309.68,-7.09196726301,-0.5520241738200002,6.67896608225,-261.61800000000005,-169.5645,-191.08950000000002
1.1615930589999834,-0.6221338759999999,-5.292923591199999,5.412564721199999,-526.5400000000001,-191.24,-314.37,-6.514459528500001,-0.07740781111000028,6.195735558179999,-262.297,-167.573,-199.30400000000003
1.1699310239999932,1.6199409001999998,-5.6925249654,3.086741154,-539.84,-212.8,-317.8,-6.14728090053,0.035653056739999966,6.051807278789999,-264.88700000000006,-165.33650000000003,-201.964
1.1781929889999674,4.1108692268,-5.5345986738,0.8877371846000001,-559.1600000000001,-231.77,-323.47,-5.48482796372,-0.2845066071400003,5.938267846419999,-279.216,-166.67350000000005,-206.73449999999997
1.1866409529999373,6.8530439264,-4.881358103999999,-0.8566304908,-564.69,-240.94000000000003,-331.31000000000006,-4.70536600177,-0.8063812162000004,5.787041458099999,-305.27350000000007,-170.53400000000005,-216.55550000000002
1.1949929169999223,8.992227330799999,-3.984049629,-1.3830514628000001,-536.48,-236.60000000000002,-336.00000000000006,-3.8567514666799996,-1.19904340486,5.624927726949999,-336.581,-175.12950000000004,-229.719
1.2032748819999597,10.655239037799998,-2.7134608283999992,-1.7324035624,-486.36000000000007,-219.03000000000003,-334.81000000000006,-2.940300410879998,-1.5049657742699998,5.390790035539999,-365.6065,-179.44850000000005,-240.74400000000006
1.2116528459999927,12.141181872399999,-1.9262221929999996,-0.6005984726,-441.63000000000005,-199.15,-331.66,-2.00686031462,-1.84211447861,5.16335224741,-388.024,-182.47600000000006,-249.08100000000005
1.21998781100001,13.646267287799999,-1.0624132344,1.6558332392,-377.86,-177.66000000000003,-335.37,-1.0053444153899995,-2.28095814345,5.0285166939,-399.273,-183.26700000000002,-255.199
1.228208775999974,14.519647536799999,-0.38763726119999997,3.9816568063999997,-313.67,-154.28,-339.15000000000003,0.04773681087000074,-2.7658636433399995,4.99513681863,-402.90250000000003,-181.60450000000003,-261.49199999999996
1.2366047399999616,14.632110198999998,0.45463629399999994,5.060819798999999,-253.05,-150.08,-327.95000000000005,1.1097911218799996,-3.1506295174199996,4.9439304149900005,-402.983,-179.95250000000004,-269.0555
1.244924704999903,14.8259288296,1.8616159827999998,5.3862436726,-186.97000000000003,-155.75000000000003,-290.71000000000004,2.1476779246299995,-3.3460034827099987,4.908995205030001,-402.4615,-179.41700000000003,-276.3915
1.2532226689999106,16.2616223896,2.7589244577999996,5.460421173199999,-142.10000000000002,-155.19000000000003,-269.43,3.267877824819999,-3.3562926198899996,4.837449809290001,-400.869,-179.858,-283.367
1.2614446339999859,16.354942470999998,4.740181570599999,4.031906081,-72.10000000000001,-149.94000000000003,-266.28000000000003,4.428277144689999,-3.1334011946999993,4.64518651338,-394.5445,-180.4215,-289.996
1.2697115989999475,17.4604265122,5.800201982399999,2.8618158296000002,-60.27,-146.86,-243.32000000000002,5.682116187089999,-2.7323641269399994,4.33053034148,-385.7980000000001,-180.81350000000003,-294.98699999999997
1.2780145639999319,17.6662092558,7.8053873212,1.7611174335999997,-54.18000000000001,-143.15,-197.82000000000002,6.972206491879999,-2.0831913555600003,3.9187255720200005,-373.016,-180.65600000000003,-296.5514999999999
1.2933494989999872,19.7120725788,8.039883935999999,1.2490533971999997,-75.04,-106.89000000000001,-147.70000000000002,8.359086470840001,-1.33830568018,3.4707891813000002,-358.08150000000006,-178.1885,-292.71899999999994
1.301846462999947,19.6187524974,7.2574309458,2.2564317118,-66.36,-66.5,-112.42000000000002,9.71103123984,-0.6145964848100004,3.1121050735599995,-339.41600000000005,-173.2815,-285.5055
1.3104804259999128,17.833706837799998,5.7284173044,4.0773697104,-50.89000000000001,-28.770000000000003,-80.64000000000001,10.92431193917,0.023808584869999726,2.8874190314199994,-317.3975000000001,-166.13800000000003,-275.41499999999996
1.3186603909999803,15.713666014199998,3.5772697869999996,4.8861437491999995,-39.13,-6.090000000000001,-49.7,11.955977403159999,0.5413761132499998,2.72841596965,-293.47850000000005,-157.61200000000002,-262.9795
1.3271043549999604,13.1988094616,0.9978070242,5.5010991574,-40.46,-2.24,-26.880000000000003,12.759726514499999,0.8773284062899999,2.64921354159,-269.3390000000001,-148.74650000000003,-248.8395
1.3352963199999976,10.928020814199998,-1.6654045295999997,4.845465764999999,-56.7,-18.830000000000002,-26.53,13.337234249009999,1.0587043593699998,2.62085859378,-245.84700000000012,-140.126,-234.44750000000005
1.3437802839999904,10.1072826624,-3.6179477711999994,5.446064237599999,-77.91000000000001,-31.85,-27.790000000000003,13.761601337119998,1.16243321908,2.73882474796,-222.75050000000002,-131.07850000000002,-219.94700000000003
1.3521192489999976,8.4969130526,-4.7760739096,2.572284295,-95.48,-38.150000000000006,-36.75,13.98090352841,1.2003594572899998,2.8230521034800002,-199.56650000000002,-121.3975,-205.61100000000002
1.3603852139999617,8.6237326504,-4.711467699399999,2.2971096959999997,-97.37,-48.440000000000005,-44.59,14.06943796461,1.20885397752,2.9807391128200003,-176.20049999999998,-111.7725,-191.27500000000003
1.368615178999903,9.1094756382,-4.582255279,1.3639088819999998,-77.84,-46.410000000000004,-46.970000000000006,14.075300379980002,1.1789436950199998,3.11808713006,-153.26849999999996,-102.26300000000003,-176.82350000000002
1.377053143000012,9.2315095908,-4.2903309218,0.5862415369999999,-48.93000000000001,-39.410000000000004,-42.980000000000004,14.00411390763,1.1001001903499996,3.2340193850300003,-131.397,-93.28200000000002,-162.23200000000003
1.3854681069999515,9.391828704999998,-4.1539400336,-0.49531427819999996,-26.390000000000004,-29.400000000000002,-42.35,13.866646249260004,0.9887142983199997,3.2392835947500003,-110.63500000000002,-84.79450000000003,-147.7665
1.3938990709999644,8.755337893399998,-4.0582271296,-0.8470592004,-19.810000000000002,-17.5,-42.00000000000001,13.62209977954,0.83892360356,3.11413897277,-92.73250000000002,-76.78650000000002,-133.098
1.4021780360000093,8.1547394208,-3.6634114005999994,-0.11246266220000001,-20.720000000000002,-10.430000000000001,-41.510000000000005,13.30385437374,0.6751348965899999,2.9094329993400003,-78.08500000000001,-69.59400000000002,-118.21600000000004
1.4106279999999742,7.721638530200001,-3.314059301,-0.2225325018,-18.970000000000002,-8.75,-40.81,12.9583307903,0.4867001168399997,2.6452653842999996,-66.381,-62.52750000000003,-103.85900000000001
1.4188669650000065,7.506284496199999,-3.0149564759999996,0.19381863059999999,-11.13,-10.010000000000002,-38.92,12.592348573630002,0.2428714938999999,2.3856441321999995,-57.58900000000002,-55.24050000000002,-91.26950000000002
1.4273169289999714,7.585247642,-2.9192435719999996,0.2775674216,-0.77,-12.950000000000001,-35.77,12.15852983625,-0.041036907590000025,2.1265014446199997,-50.52250000000001,-48.1285,-79.58650000000002
1.4354808939999657,8.49452023,-2.6871397797999994,0.44985064880000003,8.33,-16.450000000000003,-34.440000000000005,11.765508724200002,-0.4124029751099999,1.94739867301,-46.501,-41.45399999999999,-67.99449999999999
1.4437308589999702,8.252845147399999,-2.3665015514,0.49531427819999996,13.3,-17.78,-33.39,11.30512965596,-0.8207381517999999,1.8290735954399995,-42.82250000000001,-35.0,-57.49800000000001
1.4520338239999546,8.6787675702,-1.9716858223999998,0.6364908115999999,17.71,-15.890000000000002,-31.710000000000004,10.85575757168,-1.30959180898,1.7728422643399995,-39.22800000000001,-28.637000000000008,-49.19250000000001
1.4602837889999591,9.126225396399999,-1.4596217859999998,0.7106683122,22.05,-13.090000000000002,-28.630000000000003,10.32646521256,-1.7845670950799994,1.7459230100899994,-34.373500000000014,-23.947,-43.239000000000004
1.4685617529999035,9.5856473356,-1.1485548479999999,0.8829515394,28.560000000000002,-8.610000000000001,-25.270000000000003,9.82480995447,-2.20486638477,1.6772490014699997,-29.62750000000001,-21.052499999999995,-38.8815
1.4770567169999822,8.937192411,-1.7850456595999997,-0.12442677519999999,38.220000000000006,-13.090000000000002,-5.6000000000000005,9.37998423313,-2.5805395329699996,1.4671591771899997,-25.172000000000015,-20.268499999999996,-35.12950000000001
1.4854226819999212,11.169695896799999,-0.44267218099999994,0.2536391956,34.86000000000001,-8.05,-3.08,9.15278572726,-2.7815366313699994,1.23553394951,-21.472500000000004,-20.3665,-32.798500000000004
1.493759645999944,10.1862458082,-0.5718846013999999,0.8159525066,38.150000000000006,-1.7500000000000002,1.12,9.002157544589998,-2.8600212126499995,1.0012766169699998,-17.542,-20.342,-31.398500000000006
1.5020236109999132,9.808179837399999,-0.6532405697999999,0.8303094421999999,30.240000000000002,-4.9,7.420000000000001,8.946165495749998,-2.8094130146599996,0.8005188008299999,-13.194999999999999,-19.645499999999995,-29.701000000000004
1.5103725749999057,10.5308122626,-1.1365907349999997,0.29910282499999996,19.32,-7.490000000000001,11.200000000000001,8.967341975759997,-2.6853451628499996,0.5431707302000001,-8.333500000000003,-18.427499999999995,-27.751500000000004
1.5187645400000065,10.336993631999999,-1.2825529135999998,0.5216353268,13.020000000000001,-9.450000000000001,12.39,9.05934600473,-2.5106691130499996,0.44063828179,-2.9085000000000027,-16.992499999999996,-25.294500000000006
1.5271985040000118,10.356136212799997,-1.8879370314,0.12442677519999999,9.870000000000001,-10.57,13.72,9.14596618285,-2.3694925796499993,0.33200413575000004,2.453500000000002,-15.099,-22.378999999999998
1.5354804689999355,10.588240005000001,-1.9788642901999998,-0.23928225999999997,8.82,-10.850000000000001,14.070000000000002,9.219904401189998,-2.2393230302099996,0.25184457865,6.786499999999999,-13.321000000000003,-19.326999999999998
1.5439034329999686,10.741380651399998,-1.7371892076,-0.5192425042,13.790000000000001,-7.210000000000001,13.72,9.295397954219998,-2.1116659444999994,0.19657037659000004,9.922500000000001,-11.711000000000002,-16.491999999999997
1.5522513969999636,10.6025969406,-1.7180466268,-0.8183453291999999,20.37,-0.28,16.59,9.355936365999998,-1.9898712741599998,0.18041882404000004,12.260500000000002,-10.255,-13.544999999999998
1.560571361999905,10.5571333112,-1.6725829973999997,-0.7944171031999999,30.17,8.120000000000001,18.340000000000003,9.446026136889998,-1.8705890675499997,0.18305092890000002,14.7595,-8.974,-10.527999999999999
1.568803326999955,10.3585290354,-1.5242279962,-0.7728816997999999,43.89000000000001,17.360000000000003,21.700000000000003,9.55621561762,-1.76362989733,0.15002997702000004,17.990000000000002,-7.5844999999999985,-7.3675000000000015
1.5772292909999805,10.155139114399999,-1.016949605,-1.0528419439999999,56.77,25.200000000000003,27.37,9.677890646829997,-1.6487744125299997,0.10851450491000003,21.777,-5.887,-3.9585
1.5854392559999724,9.741180804599999,-1.6534404165999996,-0.44027935839999993,62.720000000000006,34.440000000000005,31.500000000000004,9.789635462249999,-1.58069860956,0.07680960545999999,25.469500000000004,-3.664499999999998,-0.43750000000000194
1.5938732199999777,9.6023970938,-1.7994025952000001,-0.41635113239999993,74.41000000000001,38.57,34.510000000000005,9.89049293484,-1.5247065607199999,0.042113677760000044,29.228500000000004,-1.0884999999999998,3.076499999999998
1.6022261849999495,9.2793660428,-1.8305092889999999,-0.31345976059999997,74.13000000000001,35.56,33.81,9.929735225479998,-1.4818750361799997,0.003948157290000048,32.5185,1.5119999999999998,6.489000000000002
1.6110011469999108,9.5258267706,-2.093719775,-0.3278166962,64.33000000000001,32.690000000000005,28.560000000000002,9.99338430664,-1.4682359473599997,-0.037208391429999974,35.07000000000001,4.035500000000001,9.586500000000001
1.6193021119999003,9.2626162846,-2.021935097,-0.7154539574000001,51.660000000000004,29.680000000000003,26.67,10.022576742359998,-1.4707484110899998,-0.10480562987999997,36.7675,6.314000000000002,12.505500000000001
1.6276660759999686,9.3726861242,-1.9884355805999996,-0.7848458127999999,38.78,25.900000000000002,24.71,10.034899778749997,-1.4971891008199998,-0.17958133613,37.604,8.2635,15.172500000000003
1.6359620409999707,9.296115801,-2.069791549,-1.0384850084,30.240000000000002,24.01,29.19,10.020423202019998,-1.54325093587,-0.2756531635199999,37.688,9.8945,17.895500000000002
1.6441650059999802,9.128618219,-2.2205393728,-0.8805587167999999,27.160000000000004,26.180000000000003,35.07,10.029994492419998,-1.56502562153,-0.3134597605999999,37.135000000000005,11.858,19.929
1.6524819709999292,8.6955173284,-2.9694928465999992,-0.7202396026000001,26.880000000000003,28.35,37.800000000000004,9.906285564,-1.69136665481,-0.3621537005099999,36.736000000000004,13.678,21.973000000000003
1.6607489360000045,8.0805619202,-3.6370903519999995,-0.24885355039999998,27.300000000000004,25.340000000000003,37.17,9.8010013696,-1.8446269423400001,-0.4153940033599999,36.1935,15.032499999999999,23.7755
1.6690039009999964,7.893921757399999,-4.3094735025999995,-0.0167497582,28.210000000000004,21.98,33.040000000000006,9.705288465599999,-2.02743858898,-0.45774696337999987,36.092,16.376500000000004,25.056500000000003
1.6774258649999183,7.697710304199999,-4.369294067599999,0.09332008139999999,29.820000000000004,19.32,20.3,9.563633367680001,-2.18907375561,-0.4680361005599999,36.617000000000004,17.717000000000006,25.511500000000005
1.6857078289999663,7.721638530200001,-4.788038022599999,0.0,29.120000000000005,16.17,11.55,9.432865612590003,-2.3643480110599997,-0.4941178668999998,37.42200000000001,18.998,25.469500000000004
1.6940137939999431,7.759923691799999,-4.3046878574,0.0167497582,29.330000000000002,12.81,3.9200000000000004,9.303054986540001,-2.48518555236,-0.49950171774999985,38.39500000000001,20.167000000000005,24.979500000000005
1.702292758999988,7.889136112199999,-4.0007993872,0.17228322719999997,30.660000000000004,12.600000000000001,1.1900000000000002,9.168099791900001,-2.58628230721,-0.4789234433899999,39.48700000000001,21.339500000000008,24.335500000000003
1.7111477209999748,8.027919823,-3.7902309983999998,0.2225325018,52.78000000000001,13.650000000000002,1.54,9.032426750479999,-2.6889343967499997,-0.44183469308999995,41.43650000000001,22.3825,23.726500000000005
1.7198696839999457,8.1643107112,-3.4337004309999997,0.5168496816,40.11000000000001,14.700000000000001,3.0100000000000002,8.910512439009999,-2.7747170869599995,-0.37507494254999996,42.423500000000004,23.131500000000006,23.047500000000007
1.7284146480000118,8.3844503904,-3.3164521235999995,0.6652046827999999,42.07000000000001,16.03,5.460000000000001,8.801878292969999,-2.8569105432699997,-0.30209385324999993,43.0185,23.527000000000005,22.403500000000005
1.7378896069999428,8.324629825399999,-3.2207392195999995,0.9930213789999999,41.86000000000001,16.520000000000003,9.030000000000001,8.700183332469997,-2.9417361044399994,-0.21379869930999998,42.917000000000016,23.485000000000003,21.770000000000003
1.7464825710000014,8.372486277399998,-3.134597606,1.2418749294,38.150000000000006,16.450000000000003,13.650000000000002,8.611050690619997,-3.047618504489999,-0.09906285563999997,41.986000000000004,23.0475,21.084000000000003
1.7548495349999484,8.3437724062,-3.2207392195999995,1.423729447,32.690000000000005,15.400000000000002,17.01,8.541180270699996,-3.125983444639999,-0.005862415369999996,40.48450000000001,22.095499999999994,20.359500000000004
1.7632324999999582,8.398807326,-3.2733813167999997,1.5385849318,23.380000000000003,13.580000000000002,18.69,8.481000782309998,-3.199682380719999,0.09188438784,37.93300000000001,20.845999999999997,19.568500000000004
1.771734462999916,8.434699665,-3.242274623,1.5457633995999998,16.73,9.38,20.160000000000004,8.43876746342,-3.2702706474199994,0.18484554585,35.063,19.536999999999995,18.886000000000003
1.780109427999946,8.525626923799999,-3.1633114771999993,1.5314064639999998,8.05,4.340000000000001,21.560000000000002,8.38875747108,-3.3237502325299992,0.27780670385999995,32.249,18.119499999999995,18.536000000000005
1.7883823930000062,8.5974116018,-3.1322047833999997,1.4691930763999999,2.5900000000000003,0.42000000000000004,22.05,8.35549723694,-3.3792637168499993,0.38703905554999996,29.79550000000001,16.656499999999994,18.305
1.7969533559999036,8.618947005199999,-3.1298119607999997,1.4261222696,-3.08,-1.6800000000000002,22.96,8.317810280989999,-3.436332535859999,0.49758745966999995,27.702500000000004,15.277499999999998,18.217500000000005
1.805265320999979,8.73380249,-3.2470602682,1.3854442854,-6.300000000000001,-3.43,23.87,8.289694615439998,-3.4951959718199994,0.61878392436,25.8755,13.9055,17.951500000000003
1.8136352849999184,8.7361953126,-3.2135607518,1.3902299305999999,-4.2700000000000005,-2.24,25.76,8.270073470119998,-3.54484704077,0.73232335673,24.304000000000006,12.4845,17.485999999999997
1.8219632499999534,8.841479506999999,-3.2015966387999995,1.5002997702,0.77,-1.12,28.140000000000004,8.27737157905,-3.5564522303799997,0.84335032537,22.998500000000003,11.011000000000001,17.003
1.8303132139999434,9.044869427999998,-3.3810583337999995,1.3471591237999998,7.630000000000001,0.56,30.17,8.325586954439999,-3.5436506294699988,0.92315095908,22.015,9.772,16.653000000000002
1.8385321789999125,9.0185483794,-3.3212377687999997,1.3351950108,14.350000000000001,1.1900000000000002,30.660000000000004,8.381818285539998,-3.4942388427799997,0.99074819753,21.322000000000006,8.732499999999998,16.534000000000002
1.8471901419999313,8.9826560404,-3.3164521235999995,1.3567304141999996,19.880000000000003,2.8000000000000003,29.19,8.44606557235,-3.441596745579999,1.0539187141700002,20.825000000000003,7.906499999999999,16.978500000000004
1.855599106999989,8.8390866844,-3.3547372851999993,1.4261222696,20.860000000000003,3.8500000000000005,29.050000000000004,8.50193798006,-3.36993170871,1.12522482765,20.412000000000003,7.290499999999999,17.853500000000004
1.8641350699999748,8.707481441399999,-3.2398818003999996,1.4691930763999999,21.700000000000003,5.32,33.32,8.54931586754,-3.31669140586,1.1978469935600002,20.030500000000004,6.915999999999999,19.323500000000003
1.8725050349999037,8.6835532154,-3.1968109935999998,1.5529418674,19.740000000000002,6.86,35.980000000000004,8.5890367227,-3.2764919861799995,1.26687992557,19.484500000000004,6.6290000000000004,21.063000000000006
1.8809419989999014,8.604590069599999,-3.2207392195999995,1.4620146085999999,15.890000000000002,8.05,37.870000000000005,8.61787023503,-3.2480173972400004,1.32885403091,17.64,6.348999999999999,22.879500000000004
1.8893529629999648,8.6285182956,-3.0915267991999995,1.4333007374,10.71,8.120000000000001,38.220000000000006,8.641080614249999,-3.23090871565,1.3746765837000001,16.169999999999998,6.019999999999999,24.640000000000004
1.8979279259999657,9.3009014462,-3.6777683362,1.8233308212,4.2,9.8,47.53,8.686903167039999,-3.248974526279999,1.4325828906200002,14.276499999999999,5.708499999999999,26.743500000000004
1.9065458899999612,8.176274824199998,-3.2614172037999998,0.8303094421999999,-0.56,5.6000000000000005,47.39000000000001,8.679485416979999,-3.2510084254899994,1.4244472937800001,12.1555,5.1625000000000005,28.661500000000007
1.9151978529999951,8.303094422,-3.6777683362,1.1748758966,-1.4700000000000002,1.8900000000000001,49.35,8.676015824209998,-3.2781669619999994,1.42109734214,10.174500000000002,4.434500000000001,30.446500000000004
1.923673817000008,8.3102728898,-3.7543386593999997,0.9499505721999999,2.0300000000000002,4.9,52.43000000000001,8.674340848389997,-3.3048469339900004,1.3974083983999999,8.641500000000002,3.9095000000000004,32.21750000000001
1.9321097810000083,8.563912085399998,-3.8093735791999994,0.7944171031999999,5.95,12.39,55.300000000000004,8.682596086359997,-3.33164654711,1.36020000697,7.7700000000000005,3.85,34.048
1.941206741999963,8.6069828922,-4.264009873199999,0.5024927459999999,7.630000000000001,17.92,57.75000000000001,8.691210247719997,-3.38273330962,1.3080364742900001,7.3149999999999995,4.277,35.927499999999995
1.9497367059999533,8.408378616399999,-4.4243289874,0.346959277,6.930000000000001,21.700000000000003,54.88,8.685347832349999,-3.4457841851300004,1.2488141149399998,7.259,5.1450000000000005,37.5935
1.9581746699999485,8.523234101199998,-4.7353959254,0.49292145559999995,3.3600000000000003,26.53,49.14000000000001,8.681638957319999,-3.5259437422299995,1.2000005339000002,7.297500000000001,6.4505,38.948
1.9674376309999388,7.5565337708,-5.3934221404,0.7106683122,-17.64,34.650000000000006,45.92,8.6285182956,-3.63912425121,1.16422783603,6.569500000000002,8.267,40.096
1.9758845949999113,7.829315547199999,-5.3407800432,0.9236295236,-2.31,38.99,42.980000000000004,8.58329394846,-3.7438102399599997,1.14113709794,6.769,10.388000000000002,41.051500000000004
1.9842845590000024,7.728816998,-5.170889638599999,1.1006983959999999,-6.930000000000001,37.17,38.71,8.532925032729999,-3.8416766843000003,1.1266605212099998,6.635999999999998,12.358500000000001,41.699
1.9927165230000128,7.814958611599999,-5.2977092364,1.2227323486,-8.120000000000001,31.92,37.03,8.48159898796,-3.94648231418,1.11278215013,6.1915,14.010500000000002,42.1435
2.001151486999902,7.3986074792,-5.0464628634,1.5840485612,-7.210000000000001,29.890000000000004,33.53,8.399285890519998,-4.02975254066,1.1246266219999999,5.449499999999999,15.477,42.3115
2.009808449999923,8.1427753078,-5.0775695571999995,1.5912270289999997,0.9800000000000001,28.560000000000002,35.0,8.35549723694,-4.117569130079999,1.13742822291,4.781000000000001,16.8455,42.5285
2.0182064150000087,8.2456666796,-4.924428910799999,1.3543375915999998,7.490000000000001,24.500000000000004,38.220000000000006,8.318647768899998,-4.19796796944,1.1373085817799997,4.161499999999999,17.930500000000002,42.980000000000004
2.0268343779999896,8.0590265168,-4.6325045536,1.8233308212,12.39,20.650000000000002,39.2,8.279644760519998,-4.26185633286,1.15716900936,3.7379999999999995,18.770500000000002,43.487500000000004
2.0353163419999873,7.757530869199999,-4.7904308451999995,1.1796615417999998,16.03,22.89,34.93000000000001,8.23214723191,-4.3393837851,1.14269243263,3.4545000000000003,19.649,43.568000000000005
2.043834306000008,8.2025958728,-5.1828537516,0.9355936366,14.350000000000001,28.140000000000004,37.59,8.20809936478,-4.4386859229999995,1.11182502109,3.1850000000000005,20.713,43.648500000000006
2.0522812699999804,8.566304908,-5.2019963324,0.8757730716000001,9.8,32.27,40.95,8.206185106700001,-4.537748778639999,1.0825129442399999,2.8805,21.924,43.8025
2.060645233999935,8.470592003999998,-5.5298130286000005,1.2442677519999998,6.16,53.34,47.25000000000001,8.19828879212,-4.6596630901100005,1.0730612949699998,2.653,24.184999999999995,44.25400000000001
2.0692011979999734,8.0853475654,-5.702096255799999,1.5266208188,4.83,40.95,51.59,8.137511098080001,-4.7608794860899994,1.05822579485,2.6845,25.7425,44.45700000000001
2.077745160999939,8.3748791,-5.5728838354,1.7682959014,7.7700000000000005,44.730000000000004,54.46000000000001,8.14744131187,-4.876452817670001,1.1051251178099997,3.101,27.698999999999995,44.81050000000001
2.0863981239999703,9.674181771799999,-5.491527867,2.0315063874,11.55,52.92,37.24,8.215995679359999,-4.967140794210001,1.14795664235,3.7520000000000002,30.250499999999995,44.205000000000005
2.094841087999953,7.4991060284,-6.2524454538,2.0793628394,35.42,51.52,54.18000000000001,8.175437336289999,-5.09204613393,1.2044272557099998,5.4215,32.58149999999999,44.29250000000002
2.1032580529999905,7.2670022362,-5.6901321428,2.045863323,17.150000000000002,44.38,36.260000000000005,8.110591843829997,-5.18608406211,1.2669995666999998,5.981500000000001,34.181,43.340500000000006
2.111776015999908,7.1138615898,-6.6017975534,2.3832513096,16.380000000000003,36.470000000000006,52.290000000000006,8.03593577871,-5.30297344612,1.3610374948799997,6.419000000000001,35.1085,43.06750000000001
2.1202129810000088,5.288137946,-4.811966248599999,1.9884355805999996,11.06,19.110000000000003,27.580000000000002,7.87992374519,-5.32235530918,1.44311131006,6.625500000000001,34.979,41.702500000000015
2.128674943999954,8.0662049846,-6.0227344842,2.596212521,22.05,13.160000000000002,19.32,7.8570722893600005,-5.386722237120001,1.5482758633299998,7.5600000000000005,34.310500000000005,40.2115
2.137291907999952,7.4512495764,-6.0394842423999995,2.1535403399999997,17.57,14.000000000000002,19.46,7.85180807964,-5.419025342219999,1.6204194647199999,9.320500000000001,33.278,38.88850000000001
2.145733871999937,7.432106995599999,-6.206981824400001,2.2229321954,19.67,9.38,21.840000000000003,7.83194765206,-5.46233543128,1.6853845983099998,10.419500000000003,31.797500000000003,37.83150000000001
2.1543748349999987,7.530212722199998,-6.259623921599999,2.5292134882,21.770000000000003,8.75,21.490000000000002,7.82201743827,-5.51677214543,1.7568103529199999,11.8545,30.376500000000004,36.97050000000001
2.162857798999994,7.4201428825999995,-6.171089485399999,2.6105694566,24.78,7.280000000000001,15.260000000000002,7.80227665182,-5.560441157880001,1.8262022083199998,13.499500000000001,29.1445,35.88200000000001
2.171290763000002,7.377072075799998,-6.4893348911999995,2.5986053435999996,24.78,4.2,10.57,7.801199881649998,-5.63258475927,1.8769300474399997,15.099,27.860000000000003,34.734000000000016
2.179908726000008,7.5565337708,-6.608976021199999,2.7230321187999995,27.650000000000002,4.9,8.540000000000001,7.771887804799998,-5.70915508247,1.9335203019299996,16.432499999999997,26.677000000000003,33.411000000000016
2.188296691000005,7.453642399,-6.5515482787999995,2.6105694566,32.27,9.170000000000002,8.190000000000001,7.732286590769998,-5.790511050869999,1.9963318951799998,17.671499999999998,25.910500000000003,31.909500000000016
2.197058652999999,7.446463931199999,-6.472585132999999,2.51246373,32.2,12.250000000000002,9.24,7.701658461489998,-5.882515079839999,2.0307885406199997,18.662,25.490500000000004,30.411500000000007
2.205398618000004,7.166503687,-6.513263117199999,2.787638329,29.890000000000004,13.72,8.540000000000001,7.672107102379998,-5.968656693439999,2.11118737998,19.354999999999997,25.032000000000004,29.092000000000002
2.213834582000004,7.046862557,-6.470192310399999,2.9623143788,28.140000000000004,14.350000000000001,6.930000000000001,7.614320436589999,-6.033023621379999,2.21252341709,20.0445,24.34250000000001,27.559000000000005
2.2223115459999008,6.857829571599999,-6.5060846494,3.2781669619999994,24.64,11.06,4.0600000000000005,7.528896669769999,-6.098228037229999,2.3326431116099995,20.786499999999997,23.282000000000007,25.714500000000005
2.2307765099999415,7.037291266599999,-6.4271215036,3.5294133349999997,20.37,5.32,-17.080000000000002,7.4572316329,-6.143093460979999,2.4469003907599998,21.497,20.881000000000007,22.498000000000005
2.2388214759999983,7.099504654199999,-6.597011908199999,3.457628657,17.85,-3.0100000000000002,-6.0200000000000005,7.40793948734,-6.1878392436,2.54345078267,22.148,18.683000000000003,19.617500000000003
2.24708844099996,7.238288364999999,-6.654439650599999,3.4121650276,17.290000000000003,-10.64,-6.580000000000001,7.351109950589999,-6.241917034359998,2.62564423898,22.624000000000002,15.914500000000004,16.565500000000007
2.2552044059999616,6.7740807806,-6.436692794,3.3547372851999993,19.39,-13.930000000000001,-7.7700000000000005,7.20610490103,-6.289175280709999,2.69180578387,23.016,12.572,14.315000000000008
2.2634123709999585,7.022934330999999,-6.470192310399999,3.3403803495999997,21.770000000000003,-12.740000000000002,-8.82,7.182296316159999,-6.300062623539999,2.7548566593799997,22.3335,9.359,11.165000000000001
2.2715423369999144,7.0564338474,-6.333801422199999,3.6705898684,19.880000000000003,-10.360000000000001,-9.590000000000002,7.171767896719999,-6.332246087509999,2.8360929866499998,22.47,6.622,8.872499999999999
2.279844300999912,6.836294168199999,-6.190232066199998,2.9647072013999995,16.450000000000003,-6.16,-9.73,7.157889525639999,-6.311667813149999,2.8651657812399995,22.473499999999998,4.490499999999999,5.7715
2.2879612669999005,7.721638530200001,-5.860022547400001,2.847458894,13.510000000000002,-2.7300000000000004,-12.950000000000001,7.27956455485,-6.3640706280899995,2.90811694691,22.596,3.3984999999999985,3.745
2.2968172289999984,7.2933232848,-5.6183474648,3.2829526071999995,12.88,1.61,-10.64,7.240920469860001,-6.34385127712,2.94245395122,22.1375,2.820999999999999,2.2470000000000008
2.304904194999949,6.742974086799999,-5.659025448999999,3.2590243811999993,13.090000000000002,5.11,-11.200000000000001,7.2055066953799995,-6.324828337449999,2.9977281532799998,21.9135,2.3764999999999987,0.7140000000000002
2.3131281599999056,7.290930462199999,-5.6255259326000004,3.1561330094,13.580000000000002,3.22,-10.010000000000002,7.19844786871,-6.295755542859999,3.04438819398,21.609,2.0685,-0.8784999999999998
2.321252125000001,7.1210400576,-5.4987063348,3.2973095427999994,12.32,-2.5900000000000003,-9.66,7.17798923548,-6.257709663519998,3.0827929967100003,21.136499999999998,1.5014999999999996,-2.436
2.3295960899999955,7.0253271536,-5.395814963,3.3595229304,11.340000000000002,-7.700000000000001,-10.99,7.158248449029999,-6.218945937399999,3.1202406704,20.464499999999994,0.7524999999999994,-3.748500000000001
2.337782054999934,7.1593252192,-5.3551369788,3.4863425282,8.610000000000001,-10.64,-11.200000000000001,7.1473611062,-6.16223604178,3.1646275296299997,19.655999999999995,0.010499999999999954,-4.837
2.345932019999964,7.2000032034000006,-5.601597706599999,3.2949167202,7.140000000000001,-11.06,-10.15,7.12953457783,-6.11186712605,3.1932217597,18.630499999999994,-0.7875,-5.7715000000000005
2.354191984999943,7.2574309458,-5.379065204799999,3.146561719,4.48,-8.120000000000001,-9.870000000000001,7.119724005169999,-6.0532429723500005,3.22002137282,17.240999999999996,-1.6519999999999997,-6.6745
2.3625039489999153,7.144968283599999,-5.2977092364,3.1968109935999998,3.2900000000000005,-0.42000000000000004,-9.100000000000001,7.10464922279,-5.99449917752,3.254238735999999,15.7955,-2.2855000000000003,-7.591500000000001
2.370777913999973,7.252645300599999,-5.3168518172,3.026920589,2.87,6.580000000000001,-7.98,7.108956303469999,-5.934678612520001,3.266202849,14.444500000000001,-2.6425000000000005,-8.4175
2.3789748789999976,7.147361106199999,-5.4006006081999995,3.1130622025999997,4.0600000000000005,11.620000000000001,-7.910000000000001,7.1139812309299995,-5.88119902741,3.27374024019,13.2405,-2.7790000000000012,-9.1595
2.387292843999944,7.176074977399999,-5.347958511,2.9694928465999992,5.180000000000001,13.580000000000002,-8.260000000000002,7.129893501219999,-5.8232927204900005,3.2583065344199995,12.267500000000002,-2.653000000000001,-9.7755
2.395624808999969,7.3172515107999985,-5.276173832999999,3.0293134116,6.370000000000001,12.040000000000001,-9.520000000000001,7.143891513429999,-5.76574533696,3.233301538249999,11.5675,-2.317000000000001,-9.397499999999999
2.4038797729999715,7.070790783,-5.2809594782,3.2446674455999998,9.31,9.38,-8.190000000000001,7.142455819869999,-5.69994271546,3.2226534776799993,11.140500000000003,-1.697500000000001,-9.506
2.4121647380000013,7.044469734399999,-5.4006006081999995,3.4983066411999997,9.66,4.550000000000001,-6.86,7.132764888339999,-5.63725076334,3.2269605583599996,10.759000000000002,-0.9380000000000008,-9.52
2.4204667029999882,6.570690859599999,-5.2857451234,3.7734812401999998,15.610000000000001,4.9,-5.74,7.122595392289999,-5.579703379809999,3.2478977561099995,10.570000000000004,0.0034999999999998366,-9.418500000000002
2.42873366799995,6.991827637199999,-5.587240771,3.9385859995999994,13.72,3.2900000000000005,-7.3500000000000005,7.121040057599998,-5.535555802839999,3.2778080386099995,10.1675,0.805,-9.345
2.4371046320000005,6.7166530382,-5.266602542599999,3.7615171271999994,13.3,4.9,-8.190000000000001,7.104051017139999,-5.482195858859999,3.2823544015499997,9.838500000000003,1.568,-9.275000000000002
2.445339596999929,6.9176501366,-5.1541398804,3.7399817237999997,11.690000000000001,6.580000000000001,-8.96,7.10811881556,-5.430391249569999,3.32111812767,9.600500000000002,2.2049999999999996,-9.236500000000003
2.4535255619999816,6.984649169399999,-5.0440700407999985,3.4983066411999997,11.200000000000001,7.98,-7.3500000000000005,7.071269347519999,-5.389593624239999,3.3536605150299996,9.485000000000003,2.7405,-8.956500000000002
2.4616615279999223,7.104290299400001,-4.8909293944,3.2973095427999994,10.15,10.010000000000002,-5.74,7.061817698249999,-5.35322272072,3.3543783618100003,9.348500000000003,3.1605000000000003,-8.711500000000001
2.46995549199994,7.1330041706,-4.943571491599999,3.6729826909999996,11.690000000000001,11.48,-2.7300000000000004,7.081319202440001,-5.317450022849999,3.3750762773,9.2785,3.4790000000000005,-8.288
2.478259456999922,7.1808606226,-4.6109691502,3.6586257553999992,12.110000000000001,16.310000000000002,1.33,7.075815710460001,-5.26672218373,3.4002009146,9.205,4.133500000000001,-7.720999999999999
2.48658242099998,7.092326186399999,-4.429114632599999,3.038884702,13.160000000000002,22.750000000000004,7.07,7.074380016899999,-5.21324259862,3.3872796725600005,9.247,5.4005,-6.884499999999998
2.4947293870000067,7.0348984439999995,-4.3740797127999995,3.0580272828,14.21,29.680000000000003,13.020000000000001,7.074858581419998,-5.162155836109999,3.37220489018,9.3905,7.269500000000001,-5.683999999999999
2.503281349999952,6.886543442799999,-4.295116567,3.0939196217999996,13.510000000000002,36.330000000000005,17.5,7.0612194926,-5.109154815519999,3.35258374486,9.6355,9.618,-4.2490000000000006
2.511575314999959,6.800401829199999,-4.398007938799999,3.1920253484,12.46,42.56,21.000000000000004,7.04123942389,-5.04897532713,3.34743917627,9.901500000000002,12.299000000000003,-2.6915
2.519811279999999,6.6017975534,-4.3262232608,3.2709884942,10.430000000000001,47.88,23.660000000000004,7.008457754269999,-4.99633322993,3.3536605150299996,10.199000000000002,15.099000000000004,-1.0149999999999995
2.528077244999963,6.5228344075999996,-4.302295034799999,3.2733813167999997,7.07,53.620000000000005,26.67,6.9773510604699975,-4.94656251985,3.35748903119,10.388000000000002,17.801000000000005,0.7735000000000003
2.536431208999943,6.439085616600001,-4.237688824599999,3.4432717213999995,5.250000000000001,59.290000000000006,30.310000000000002,6.93667307627,-4.89260437022,3.378306587809999,10.507000000000001,20.436500000000002,2.688
2.5447431739999047,6.3601224707999995,-4.235296001999999,3.3523444625999996,2.5200000000000005,65.17,36.470000000000006,6.8973111445000015,-4.834339139909998,3.3902707008099986,10.430000000000001,23.114000000000004,4.907000000000001
2.553085137999915,5.6757752072,-4.1228333398,3.5964123677999993,3.0100000000000002,68.60000000000001,42.84,6.822296155989998,-4.77308288135,3.4216166768699994,10.3215,25.865000000000002,7.462000000000001
2.5614451029999827,6.0203416616,-4.1156548719999995,4.074976887799999,8.47,77.49000000000001,50.190000000000005,6.757450663529999,-4.715056933299998,3.47389985068,10.4265,29.137500000000006,10.447500000000002
2.569866066999907,5.7882378694,-4.3118663252,3.9888352742,8.75,81.97000000000001,57.68000000000001,6.69332301785,-4.666602275649998,3.5111082421099993,10.3985,32.76700000000001,13.741000000000003
2.5779670329999362,5.666203916800001,-4.488935197599999,4.295116567,8.89,85.26,63.28000000000001,6.624409726970001,-4.621019005119999,3.5509487384,10.36,36.8025,17.248000000000005
2.586804994999966,6.1064832752,-4.7928236678,4.687539473399999,7.140000000000001,85.68,67.34,6.60119934775,-4.596372932339998,3.596651650059999,9.9365,40.84150000000001,20.902000000000005
2.594961959999978,5.527420206,-4.9124647978,5.4029934308,1.4000000000000001,83.72000000000001,71.19000000000001,6.527978976189999,-4.562634133679999,3.6698720216199994,9.3205,44.863000000000014,24.829
2.6031719249999696,5.836094321399999,-4.9172504429999995,5.158925525599999,-4.9,80.64000000000001,78.33000000000001,6.48395104035,-4.5451665286999985,3.73974244154,8.410499999999999,48.650000000000006,29.155
2.611538889999906,5.465206818399999,-5.1062834284,5.2809594782,-9.8,79.31,84.14000000000001,6.41132887444,-4.542773706099998,3.8167913292600004,7.3359999999999985,52.28650000000001,33.81000000000001
2.6200178539999115,5.2618168974,-4.8622155232,5.204389154999999,-15.47,77.49000000000001,88.2,6.325187260839999,-4.53368098022,3.9020954549500004,6.0024999999999995,55.762000000000015,38.58750000000001
2.6282278189999033,5.740381417399999,-5.3048877041999996,5.187639396799999,-19.110000000000003,74.55000000000001,95.06,6.256991816739999,-4.55437889571,3.99661194765,4.539500000000001,58.98900000000001,43.62750000000001
2.6371967809999433,5.5226345608,-5.5106704478,5.1373901221999985,-26.180000000000003,73.57000000000001,101.78000000000002,6.176473336250001,-4.582733843519999,4.06983231921,2.646000000000001,62.093500000000006,48.85300000000001
2.645565744999999,5.3862436726,-6.1471612594,5.419743188999999,-31.150000000000002,75.53,106.82000000000001,6.08674248875,-4.659543448979999,4.15788819089,0.483,65.05449999999999,54.12750000000001
2.654028708999931,5.2187460906,-6.7166530382,5.711667546199999,-30.380000000000003,76.86000000000001,106.47000000000001,5.99306348396,-4.773920369259999,4.2915273331,-1.6939999999999997,67.75999999999999,59.097500000000004
2.662451672999964,4.7904308451999995,-7.049255379599999,5.639882868199999,-39.27,69.93,101.71000000000001,5.88084010402,-4.907679152599998,4.420620112370001,-4.368,69.77250000000001,63.532000000000004
2.670712637999941,4.359722777199999,-8.0662049846,6.223731582599999,-44.52,58.660000000000004,91.98,5.754499070739999,-5.096233573479999,4.57711071041,-7.269500000000001,70.88900000000001,67.256
2.6789646029999403,4.1252261624,-8.0374911134,6.0035919034,-49.63,46.900000000000006,80.50000000000001,5.620740287399999,-5.2782077322099985,4.7176890381600005,-10.374,71.10600000000002,70.23100000000001
2.68732256699991,4.1539400336,-8.482556117,5.9246287576,-54.25000000000001,19.46,73.78,5.49834741141,-5.4860243750199995,4.850371051330001,-13.608,69.68500000000002,72.737
2.6955065319999676,4.307080679999999,-8.532805391599998,5.678168029799999,-52.290000000000006,26.320000000000004,74.27000000000001,5.38755972503,-5.697549892859999,4.970610386980001,-16.576,68.32000000000002,75.11699999999999
2.703841496999985,4.6803610056,-8.3054872446,4.9579284272,-40.39,20.23,76.79,5.2996234944800005,-5.90093981386,5.046343222270001,-18.858,66.367,77.441
2.712179461000005,5.1373901221999985,-8.2648092604,4.4195433422,-25.200000000000003,17.080000000000002,80.92,5.23848687705,-6.10241547678,5.09970316625,-20.244000000000003,63.96250000000001,79.6635
2.720536425999967,5.467599640999999,-8.3126657124,4.429114632599999,-8.75,17.150000000000002,85.12,5.22807809874,-6.3119070954100005,5.14133827949,-20.832,61.39000000000002,81.7775
2.728744390999964,5.6877393201999995,-8.1164542592,3.9936209193999996,6.720000000000001,20.3,88.41000000000001,5.21144798167,-6.511947064770001,5.13727048107,-20.9195,58.5305,83.6885
2.737265354999977,6.123233033399999,-8.7433737804,3.4504501891999997,14.980000000000002,26.53,93.80000000000001,5.22819773987,-6.7335224375300005,5.11035122682,-20.607999999999997,55.758500000000005,85.49449999999999
2.7455593189999945,5.793023514599999,-9.188438783999999,4.139583098,22.470000000000002,36.330000000000005,93.24000000000001,5.234538719759999,-6.96849761685,5.102574553370001,-19.929,53.312,86.9925
2.753862283999979,5.699703433199999,-10.162317582199998,4.778466732199999,35.910000000000004,68.88000000000001,82.60000000000001,5.21419972766,-7.236972312569999,5.10712091631,-18.490499999999997,52.472000000000016,87.75550000000001
2.762247247999994,5.74277424,-10.750951941799997,4.5391844722,58.800000000000004,65.03,66.01,5.224967429359999,-7.528896669769999,5.063930468380001,-15.620499999999996,51.53750000000001,87.49650000000001
2.7705072129999735,5.127818831799999,-10.657631860399999,4.558327053,76.51,65.31,47.11000000000001,5.189553654879999,-7.815915740639999,5.03390054475,-11.549999999999997,50.771,85.93549999999999
2.77881717799994,5.132604476999999,-10.4470634716,4.429114632599999,90.72000000000001,37.17,31.710000000000004,5.172923537809998,-8.082954742799998,4.99130830247,-6.523999999999996,48.664,83.314
2.7871961419999707,5.216353267999999,-10.6384892796,4.1252261624,95.55000000000001,42.00000000000001,26.180000000000003,5.1706503563399995,-8.37176843062,4.93735015284,-0.9729999999999969,46.88949999999999,80.213
2.795381106999912,5.410171898599999,-9.8057870148,4.1347974528,96.11000000000001,28.630000000000003,24.92,5.1541398804,-8.59681339615,4.88470805564,4.788000000000005,44.59349999999999,76.70599999999999
2.8037250719999065,4.9005006848,-9.487541608999999,4.041477371399999,95.83000000000001,25.060000000000002,26.180000000000003,5.123033186599999,-8.79565695421,4.829912418099999,10.888500000000008,42.16799999999999,72.926
2.8121140359999117,4.749752860999999,-9.4564349152,3.9314075317999997,100.87,32.480000000000004,22.26,5.091208646019999,-8.961120636999999,4.755495635240001,17.48950000000001,40.015499999999996,68.69800000000001
2.8204200010000022,5.1637111708,-9.200402896999998,4.0199419679999995,102.2,47.67,19.040000000000003,5.088456900029999,-9.08530812994,4.670909356330001,24.118500000000004,38.55599999999999,64.32650000000001
2.8286949659999436,5.0656054442,-9.1238325738,4.048655839199999,101.01,64.47000000000001,14.000000000000002,5.10221562998,-9.18903698965,4.591348004879999,31.132500000000004,38.283,59.94100000000002
2.8370939299999236,4.3525443094,-8.49452023,4.6612184247999995,91.28000000000002,80.85000000000001,4.130000000000001,5.1018567065900005,-9.21045275192,4.51322234699,37.9225,39.392500000000005,55.54850000000001
2.8454928939999036,4.074976887799999,-8.075776274999999,4.740181570599999,84.14000000000001,86.59,-2.7300000000000004,5.099344242860001,-9.21236701,4.45005183035,44.611000000000004,41.377,51.387000000000015
2.853665858999989,3.8955151927999996,-7.618747158399999,5.4006006081999995,77.35000000000001,84.7,-6.090000000000001,5.08642300082,-9.16917656207,4.423850422879999,51.191,44.639,47.393499999999996
2.8619628239999884,3.4337004309999997,-7.142575461,5.546562786799999,62.580000000000005,78.68,-10.290000000000001,5.04275398837,-9.09966506554,4.4172701607299985,56.9345,47.257000000000005,43.165499999999994
2.8704437879999887,3.0628129279999996,-6.845865458599999,5.845665611799999,61.040000000000006,72.52000000000001,-14.700000000000001,4.961876584490001,-9.026683976240001,4.461657019959999,62.00599999999999,49.871500000000005,38.590999999999994
2.878813751999928,2.9168507493999996,-6.7381884416,5.972485209599999,59.220000000000006,70.84,-15.190000000000001,4.8508496158500005,-8.9503529353,4.539304113329999,66.227,52.5595,33.78549999999999
2.887217716000009,2.6488546182,-6.364908115999999,6.2524454538,53.900000000000006,65.45,-14.840000000000002,4.709912364710001,-8.852965055480002,4.630470654389998,69.3595,54.9745,28.787499999999987
2.895707679999987,2.8259234905999997,-5.8839507734,6.515655939799999,54.95,60.900000000000006,-16.17,4.56682157323,-8.741339881190001,4.756572405409999,71.771,57.00450000000001,23.558500000000002
2.9040176449999535,2.5172493751999996,-5.505884802599999,6.570690859599999,57.61000000000001,57.470000000000006,-17.220000000000002,4.386522390320001,-8.579465432300001,4.91258443893,73.9025,58.55150000000001,18.0075
2.912355608999974,2.4263221163999997,-5.175675283799999,6.8745793297999995,59.43000000000001,54.88,-18.270000000000003,4.21818732041,-8.378827257289998,5.049334250519999,75.7505,59.47900000000002,12.432
2.92051857499996,2.0291135648,-4.713860522,7.0085773954,57.540000000000006,50.470000000000006,-18.55,4.03465782699,-8.10640440428,5.160839783679999,76.83200000000001,58.558500000000016,7.3745
2.9288615389999677,2.0386848552,-4.522434713999999,7.1521467514,53.900000000000006,47.74,-17.85,3.84945335775,-7.794978542889998,5.291487897639998,76.58700000000002,57.69400000000002,3.1815000000000015
2.937346502999958,1.9477575963999998,-4.1324046302,7.338786914199998,49.77,46.410000000000004,-16.520000000000003,3.690450295979999,-7.468717181379999,5.4305108907,75.25000000000001,56.74900000000001,0.0
2.9456714680000005,1.9716858223999998,-3.8452659182,7.3603223176,40.18000000000001,42.77,-15.260000000000002,3.5324043632499995,-7.138627303709998,5.577071274949999,72.72300000000001,57.02900000000001,-2.3484999999999987
2.954101431999902,1.8376877567999998,-3.6825539814,7.29810893,29.400000000000002,38.36000000000001,-13.3,3.3634710876899994,-6.790830538799999,5.7357154133299995,69.41550000000001,56.847,-4.322500000000001
2.9628853939999544,1.5242279962,-3.7304104334,7.379464898399999,19.46,34.790000000000006,-9.100000000000001,3.1691738925699995,-6.48706170973,5.89794878561,65.58300000000001,57.154999999999994,-6.023500000000001
2.9716483569999355,1.5218351735999998,-3.7088750299999997,7.623532803599999,10.290000000000001,32.830000000000005,-5.040000000000001,3.0002406170099998,-6.19812838078,6.077051557219999,61.30600000000002,57.543499999999995,-7.584500000000001
2.9802203209999334,1.3926227532000002,-3.960121403,7.671389255599999,3.3600000000000003,31.360000000000003,-2.45,2.83238411162,-5.92331270517,6.264050643409999,56.43050000000001,57.48749999999999,-8.82
2.9882772859999704,1.2514462198,-4.3501514868,7.889136112199999,0.6300000000000001,28.140000000000004,-0.49000000000000005,2.6367708640700007,-5.68080013466,6.45751035062,51.35200000000001,56.511,-9.7965
2.9967572499999733,1.2011969452,-4.6564327796,7.872386354,0.9800000000000001,24.360000000000003,-0.21000000000000002,2.44355043912,-5.45743014495,6.648696876360001,46.350500000000004,54.505500000000005,-10.507000000000001
3.0052032139999483,1.0576275892,-4.7904308451999995,7.992027483999999,2.45,19.6,0.8400000000000001,2.27880460311,-5.27222567571,6.815237329319999,41.909,51.443000000000005,-10.6715
3.013646177999931,1.0719845248,-4.8047877808,7.936992564199999,3.6400000000000006,15.680000000000001,1.61,2.1286549849600003,-5.1086762509999994,6.975077879,37.884,47.8975,-10.4545
3.0219091429999025,1.0767701699999999,-4.8981078622,7.9609207902,2.45,11.830000000000002,5.460000000000001,1.9877177338200007,-4.9726442861899995,7.1030938881,34.13900000000001,44.254000000000005,-9.876999999999999
3.0302781079999477,1.0552347666,-4.9986064114,7.879564821799999,-0.14,9.940000000000001,12.180000000000001,1.8687944506000005,-4.86544583371,7.219743989849998,31.003000000000004,40.81700000000001,-8.753499999999999
3.0385320719999527,1.0313065406,-4.8622155232,7.915457160799999,-1.12,8.4,12.81,1.7672191312300005,-4.76626333694,7.323233567299999,27.89500000000001,37.611000000000004,-7.377999999999998
3.0468300369999497,1.1246266219999999,-4.850251410199999,8.0494552264,-1.4700000000000002,7.140000000000001,12.88,1.6776079248599998,-4.671866485370001,7.42708206814,24.8605,34.426,-5.974499999999999
3.0550810019999517,1.2059825903999999,-4.737788748,8.092526033199999,-3.9200000000000004,5.250000000000001,13.440000000000001,1.60546432347,-4.590510516970001,7.51908609711,21.9695,31.416000000000004,-4.560499999999999
3.063495966000005,1.1796615417999998,-4.5056849558,7.989634661399999,-12.180000000000001,2.66,14.560000000000002,1.5231512260299997,-4.52159722609,7.59278503319,18.613,28.504,-3.0239999999999996
3.0717969309999944,1.088734283,-4.5200418914,8.003991596999999,-17.71,1.2600000000000002,16.520000000000003,1.45172547142,-4.47230508053,7.664450070060001,14.847,25.6935,-1.3370000000000009
3.0801368950000096,1.0049854919999999,-4.9196432655999995,8.1260255496,-24.430000000000003,0.6300000000000001,19.880000000000003,1.3806586401999998,-4.45950347962,7.727022381050001,10.653999999999998,22.981,0.5705000000000006
3.0884638599999334,0.8398807326,-5.3048877041999996,8.128418372199999,-26.6,-0.9800000000000001,20.23,1.32119699859,-4.489054838729999,7.783014429890001,6.447,20.4085,2.5095000000000005
3.0967578249999406,0.849452023,-5.697310610599999,8.1451681304,-27.650000000000002,-2.5900000000000003,20.51,1.2617353569800003,-4.547798633559999,7.832665498840001,2.369500000000001,17.892000000000003,4.4275
3.1051097889999255,0.7322037156000001,-5.793023514599999,8.3126657124,-28.840000000000003,-3.2900000000000005,21.14,1.20095766294,-4.630829577779999,7.881359438750001,-1.5610000000000002,15.407,6.310500000000001
3.1136407529999133,0.7609175867999999,-5.900700531599998,8.190631759799999,-32.900000000000006,-2.66,21.560000000000002,1.14041925116,-4.73360130845,7.92287491086,-5.215000000000001,13.135500000000002,8.151500000000002
3.122024716999931,0.8925228297999999,-5.929414402799999,8.061419339399999,-37.03,-3.43,22.540000000000003,1.0931610048100002,-4.845944329519999,7.96104043133,-8.5365,11.046000000000003,9.943500000000002
3.130500680999944,0.9523433947999999,-5.922235935,7.946563854599999,-39.900000000000006,-4.2700000000000005,23.94,1.06456677474,-4.955535604599999,7.989395379139999,-11.504500000000002,9.093,11.5955
3.1387586459999284,1.1222337993999998,-5.9389856931999985,7.8173514342,-42.42,-4.48,24.150000000000002,1.04458670603,-5.0670411377599995,7.999086310669999,-14.14,7.227500000000002,13.055000000000001
3.147229609999954,1.2442677519999998,-5.8672010152,7.6139615132,-43.470000000000006,-5.040000000000001,25.130000000000003,1.03716895597,-5.162395118369998,7.9962149235499975,-16.481500000000004,5.407500000000001,14.434000000000001
3.1556135739999718,1.2921242039999998,-5.9198431124,7.520641431799999,-43.260000000000005,-4.41,26.810000000000002,1.0392028551799997,-5.240879699649999,7.977790189529998,-18.676000000000002,3.78,15.798999999999998
3.164055537999957,1.3256237203999999,-6.089733516999999,7.386643366199999,-42.35,-2.87,29.120000000000005,1.0454241939399997,-5.31254473652,7.9535030401399975,-20.842500000000005,2.418499999999999,17.2655
3.172158503999981,1.3567304141999996,-6.218945937399999,7.286144816999999,-40.11000000000001,-1.54,31.080000000000002,1.06037933519,-5.383970491129999,7.9182089067899994,-22.970500000000005,1.3615000000000002,18.777499999999996
3.1806034679999584,1.3447663011999997,-6.3003019058,7.1688965096,-37.38,-1.54,33.67,1.07401842401,-5.45874619738,7.87980410406,-25.021500000000003,0.5005000000000003,20.3805
3.1889324320000014,1.2370892841999999,-6.692724812199999,7.276573526599999,-32.27,-1.8900000000000001,35.42,1.08203437972,-5.5484770448799985,7.84558674088,-26.757500000000004,-0.1854999999999998,21.878500000000003
3.1975363959999186,1.1772687192,-7.0157558632,7.3244299786,-27.580000000000002,-1.61,37.03,1.0881360773500002,-5.649334517469999,7.817829998719999,-28.129500000000007,-0.7629999999999997,23.121000000000002
3.2058653599999616,1.1389835575999998,-6.924828604399999,7.255038123199999,-27.44,-1.6800000000000002,37.03,1.0935199281999999,-5.752465171529999,7.78480904684,-29.44550000000001,-1.267,24.332
3.2142603239999517,1.2155538808,-6.8147587648000005,7.1593252192,-28.770000000000003,-1.61,36.120000000000005,1.0980662911399999,-5.850690539259999,7.74030254648,-30.810500000000008,-1.7045,25.494
3.2223822899999277,1.2514462198,-6.687939167,6.984649169399999,-32.27,-0.9100000000000001,35.980000000000004,1.1003394726100002,-5.948198060209998,7.684908703290001,-32.22800000000001,-2.0125,26.621000000000002
3.230773253999928,1.2538390423999999,-6.9487568304,7.044469734399999,-33.88,-0.21000000000000002,35.77,1.10404834764,-6.0703516539399995,7.637650456939999,-33.313,-2.1559999999999997,27.6815
3.239040219000003,1.3950155758,-7.080362073399999,7.070790783,-34.300000000000004,-0.35000000000000003,34.790000000000006,1.1193624122799999,-6.19836766304,7.5909904162399995,-34.1425,-2.2365000000000004,28.595
3.247687181999936,1.471585899,-6.905686023599999,6.946364007799999,-36.82,-1.33,33.67,1.1426924326299999,-6.29766980094,7.532007339149999,-34.762,-2.3345,29.284499999999998
3.2559751469999583,1.6103696097999998,-6.764509490199999,6.7334027964,-39.550000000000004,-0.77,33.95,1.1812168764899997,-6.370650890239999,7.462256560359998,-35.409499999999994,-2.3240000000000007,29.970499999999998
3.2644711109999207,1.6510475939999998,-6.764509490199999,6.460621019999999,-41.720000000000006,0.77,35.910000000000004,1.22129665504,-6.424010834220001,7.378029204839997,-36.113,-2.156,30.740500000000004
3.27301907399999,1.6055839645999996,-7.077969250799999,6.4199430357999985,-40.32000000000001,3.1500000000000004,39.410000000000004,1.2649656674899998,-6.48825812103,7.283393071009999,-36.687,-1.834,31.654000000000003
3.2811870399999634,1.7300107398,-7.542176835199999,6.5060846494,-35.56,7.210000000000001,41.370000000000005,1.31342032514,-6.570331936209999,7.1991657154899995,-36.82000000000001,-1.3405,32.64450000000001
3.2896550039999966,1.7563317884,-7.5900332872,6.381657874199998,-30.17,7.910000000000001,42.49,1.35661077307,-6.653362880429998,7.115177642229999,-36.477000000000004,-0.7735000000000001,33.642
3.297958967999989,1.7778671918,-7.4512495764,6.4079789228,-26.250000000000004,8.120000000000001,43.260000000000005,1.39788696292,-6.729813562499999,7.038248395639998,-35.7945,-0.15399999999999991,34.608000000000004
3.3072309289999566,1.6175480775999997,-7.4225357052,6.2883377928,-23.380000000000003,8.82,44.940000000000005,1.4226526768299999,-6.803991063099998,6.961797713570002,-34.842499999999994,0.5109999999999999,35.64750000000001
3.315732892999904,1.4883356572,-7.671389255599999,6.4271215036,-19.53,9.24,46.27,1.43485607209,-6.894200475119997,6.902455713089999,-33.645500000000006,1.225,36.70450000000001
3.3240978569999697,1.4069796888000001,-7.9704920806,6.5300128754,-14.910000000000002,10.71,46.06,1.44059884633,-6.996732923529999,6.852924285269999,-32.227999999999994,1.9810000000000003,37.66700000000001
3.332621820999975,1.3854442854,-7.9011002251999995,6.6376898924,-10.500000000000002,8.96,44.800000000000004,1.4435898745799998,-7.087301258939999,6.81547661158,-30.6355,2.5725000000000002,38.451
3.340786785999967,1.4165509792000002,-7.8077801438,6.8171515874,-9.100000000000001,5.6000000000000005,43.400000000000006,1.4465809028299996,-7.1667429692599995,6.7920269500999995,-29.085,2.9295,39.067
3.34916874999999,1.3184452525999997,-7.7096744172,6.7860448936,-12.110000000000001,3.3600000000000003,43.120000000000005,1.4452648503999996,-7.237211594829999,6.7728843693,-27.821500000000004,3.1745000000000005,39.53950000000001
3.357766713999922,1.3495519463999999,-7.604390222799999,6.558726746599999,-16.310000000000002,2.1700000000000004,44.52,1.4508879835099997,-7.282794865359999,6.7369920303,-27.023500000000002,3.3775000000000004,39.9945
3.3663536770000064,1.256231865,-7.925028451199999,6.496513359,-17.360000000000003,2.5900000000000003,46.480000000000004,1.4548361407999997,-7.32825849476,6.695596199320001,-26.512500000000006,3.587500000000001,40.467
3.374835641000004,1.1988041226,-8.391628858199999,6.668796586199999,-15.05,4.2700000000000005,46.27,1.4578271690499995,-7.401598507450001,6.6662841224700005,-25.893000000000008,3.8850000000000002,40.928999999999995
3.383276604999992,1.1724830739999998,-8.5088771656,6.5898334404,-10.920000000000002,3.2900000000000005,43.75000000000001,1.4556736287099998,-7.48630442749,6.637809533530001,-25.000500000000006,4.130000000000001,41.3105
3.3917685689999644,1.1222337993999998,-8.465806358799998,6.661618118399999,-9.030000000000001,0.6300000000000001,41.230000000000004,1.4492130076899996,-7.5751977870800005,6.621657980980001,-23.838500000000003,4.207000000000001,41.57299999999999
3.400301532999947,1.0624132344,-8.350950873999999,6.6137616663999985,-10.080000000000002,-1.33,40.11000000000001,1.4396417172899998,-7.645307489260001,6.6001225775800005,-22.648500000000006,4.151000000000001,41.790000000000006
3.4087524969999095,1.064806057,-8.3557365192,6.5036918268,-12.250000000000002,-2.31,39.760000000000005,1.4231312413499997,-7.709076211550001,6.571767629769999,-21.546000000000006,4.053,42.0385
3.4174264600000015,1.0241280728,-8.5016986978,6.4654066652,-11.690000000000001,-1.9600000000000002,39.06,1.4007583500399998,-7.788876845260002,6.547719762639998,-20.289500000000004,4.0215000000000005,42.30800000000001
3.4256834249999883,1.0336993632,-8.5375910368,6.4271215036,-9.870000000000001,-1.8900000000000001,38.43000000000001,1.3719248377099997,-7.87753092259,6.532405698,-18.805500000000002,3.965500000000001,42.532000000000004
3.434143388999928,1.016949605,-8.4514494232,6.3601224707999995,-8.75,-2.24,37.31,1.34021993826,-7.96187791924,6.527380770540001,-17.157,3.8150000000000004,42.602
3.442572352999946,1.040877831,-8.3126657124,6.3481583578,-7.210000000000001,-1.61,37.1,1.31198463158,-8.02361274232,6.523791536639999,-15.501500000000002,3.577000000000001,42.48650000000001
3.4510193169999184,1.064806057,-8.219345631,6.3266229543999986,-7.3500000000000005,-1.12,36.68000000000001,1.27872439744,-8.057471182109998,6.514818451889999,-14.091000000000003,3.1605000000000008,42.251999999999995
3.4596452799999042,1.0528419439999999,-8.2719877282,6.4055861002,-6.090000000000001,-0.8400000000000001,34.86000000000001,1.2435499052199999,-8.091568904159999,6.51601486319,-12.887000000000004,2.723,41.8705
3.4680992439999727,0.8997012976000001,-8.386843212999999,6.5300128754,-4.760000000000001,-1.2600000000000002,32.34,1.19964161051,-8.138348585989998,6.52211656082,-11.812500000000002,2.2540000000000004,41.3245
3.4765922079999427,0.7680960546,-8.563912085399998,7.329215623799999,-3.0100000000000002,-2.8000000000000003,28.910000000000004,1.15716900936,-8.195417404999999,6.574160452369999,-10.794,1.6730000000000007,40.52300000000001
3.4848141729999043,0.0263210486,-8.796015877599999,6.826722877799999,-1.33,-5.880000000000001,26.53,1.08406827893,-8.2516487361,6.594140521079998,-9.884,0.9170000000000001,39.535999999999994
3.4932761369999525,0.4283152454,-8.9467637014,6.8769721524,-0.14,-8.260000000000002,25.270000000000003,1.0351350567600002,-8.30046231714,6.611488484929998,-9.1455,-0.031500000000000215,38.4965
3.5017051009999705,0.2775674216,-9.0831545896,6.845865458599999,1.1900000000000002,-10.780000000000001,23.87,0.97974121357,-8.359565035360001,6.621897263239998,-8.561,-1.0185000000000002,37.45
3.5101960649999455,0.20817556619999997,-9.0975115252,6.8434726359999996,0.6300000000000001,-11.690000000000001,22.470000000000002,0.9193224429200001,-8.42405160443,6.623213315669998,-8.0745,-1.8830000000000005,36.4035
3.5186830289999307,0.17706887240000002,-8.9228354754,6.6975104574,-1.8200000000000003,-11.97,19.880000000000003,0.86225362391,-8.48470965734,6.6187865938599995,-7.56,-2.6495,35.2415
3.5272639919999165,0.1890329854,-8.707481441399999,6.5515482787999995,-4.69,-12.250000000000002,17.150000000000002,0.80422767586,-8.53986421827,6.61842767047,-6.978999999999999,-3.3705,33.873000000000005
3.535412957999938,0.23449661479999998,-8.4777704718,6.5036918268,-8.89,-12.670000000000002,13.930000000000001,0.75314091335,-8.5675013193,6.6187865938599995,-6.5555,-4.1335,32.24550000000001
3.5438929209999515,0.3062812928,-8.159525065999999,6.2979090831999995,-13.790000000000001,-12.600000000000001,10.71,0.7085147718600001,-8.555896129690002,6.600242218709999,-6.4925000000000015,-4.976999999999999,30.46750000000001
3.5523748849999492,0.34456645439999994,-7.968099258,6.1351971463999995,-18.970000000000002,-12.32,8.190000000000001,0.66711894088,-8.52885723431,6.577510404009999,-6.895000000000001,-5.7575,28.68950000000001
3.56097484899999,0.44985064880000003,-7.831708369799999,6.0586268232,-23.380000000000003,-11.97,6.930000000000001,0.63349978335,-8.49715233486,6.547360839249999,-7.612500000000002,-6.3875,26.974500000000006
3.5693978129999095,0.48095734259999995,-7.798208853399999,5.9102718219999995,-27.020000000000003,-10.71,6.0200000000000005,0.6044269887600001,-8.46951523383,6.51218634703,-8.459500000000002,-6.8565,25.27
3.578033775999984,0.45942193919999996,-7.8699935314,5.740381417399999,-27.51,-8.680000000000001,6.300000000000001,0.5741577828700001,-8.44522808444,6.4740208265599986,-9.2225,-7.175,23.597
3.5865627399999767,0.5048855686,-7.980063371,5.694917788,-23.730000000000004,-7.000000000000001,7.140000000000001,0.54819565766,-8.419146318100001,6.435496382699999,-9.8245,-7.427000000000001,22.000999999999998
3.5948107049999862,0.5838487144,-8.0733834524,5.757131175599999,-20.090000000000003,-5.670000000000001,6.510000000000001,0.5257031252200001,-8.395935938880003,6.4019968663,-10.3355,-7.616,20.404999999999998
3.6033206689999133,0.2919243572,-8.1260255496,5.680560852399999,-10.780000000000001,-2.66,10.15,0.4894518628299999,-8.3796647452,6.368018785379999,-10.437000000000001,-7.6370000000000005,19.046999999999997
3.6118406319999394,0.24885355039999998,-7.994420306599999,5.7188460139999995,-6.0200000000000005,-0.49000000000000005,12.32,0.4498506487999999,-8.363752474910001,6.336553168189999,-10.377500000000001,-7.581,17.808
3.6204635959999223,0.09571290399999999,-8.0662049846,5.6231331099999995,-1.9600000000000002,0.56,12.250000000000002,0.40139599114999996,-8.35609544259,6.301378675969999,-10.108,-7.497,16.5865
3.6289425589999382,0.035892338999999995,-8.149953775599998,5.706881900999998,-0.9100000000000001,1.54,12.110000000000001,0.3505485109,-8.349993744959999,6.266443466009999,-9.849000000000002,-7.378,15.449000000000002
3.637573522999901,0.0191425808,-8.238488211799998,5.7284173044,0.28,3.0100000000000002,10.850000000000001,0.30652057505999997,-8.342575994899999,6.226363687459998,-9.597000000000003,-7.164500000000001,14.374500000000006
3.6467684839999492,-0.0765703232,-8.1427753078,5.74277424,-0.42000000000000004,4.550000000000001,9.38,0.26428725616999993,-8.321519156019999,6.1470416182699985,-9.467500000000001,-6.797,13.398000000000001
3.65522544800001,-0.11246266220000001,-8.2097743406,5.7044890784,-2.9400000000000004,5.880000000000001,7.490000000000001,0.25734807063,-8.292207079170002,6.090929928299999,-9.548000000000002,-6.2090000000000005,12.446000000000003
3.663810410999986,-0.18664016279999998,-8.3485580514,5.838487143999999,-5.74,7.840000000000001,4.83,0.22660030021999997,-8.26229679667,6.03900567788,-9.828000000000001,-5.404000000000001,11.424000000000003
3.671997375999922,-0.31106693799999996,-8.413164261599999,5.8408799666,-6.370000000000001,9.450000000000001,3.08,0.19716858223999995,-8.228797280270001,5.988756403279999,-10.206000000000001,-4.3925,10.384500000000003
3.680514339999945,-0.4283152454,-8.429914019799998,5.9054861768,-6.86,10.71,1.1900000000000002,0.16534404166,-8.195417405000002,5.941857080319999,-10.580500000000004,-3.2724999999999995,9.320500000000003
3.688941303999968,-0.49531427819999996,-8.4394853102,5.895914886399999,-8.120000000000001,11.340000000000002,1.05,0.13172488413,-8.171249896740001,5.901777301769999,-10.895500000000002,-2.1069999999999998,8.379000000000003
3.697559266999974,-0.6101697629999999,-8.4323068424,5.898307709,-7.5600000000000005,11.55,0.77,0.09176474671000001,-8.15749116679,5.869115273279999,-11.039000000000003,-0.9169999999999989,7.560000000000004
3.7060422309999694,-0.6819544409999999,-8.4514494232,5.986842145199999,-6.86,11.620000000000001,0.9100000000000001,0.04594219392,-8.15617511436,5.8432727891999985,-10.937500000000004,0.29750000000000154,6.909000000000002
3.714511195,-0.7465606511999999,-8.4873417622,5.948556983599999,-5.670000000000001,12.180000000000001,0.8400000000000001,-0.006699903279999975,-8.172565949170002,5.825805184219998,-10.531500000000003,1.5365000000000006,6.415499999999999
3.723122159000013,-0.8446663778,-8.4562350684,6.0394842423999995,-4.760000000000001,13.020000000000001,0.28,-0.06616154488999995,-8.19697273969,5.821019539019998,-9.821000000000002,2.8035000000000005,6.02
3.7315861229999427,-0.9738787981999999,-8.571090553199998,6.187839243599999,-4.48,12.600000000000001,-0.8400000000000001,-0.13734801723999995,-8.23394184886,5.827480160039999,-8.876,4.032000000000001,5.631499999999999
3.7402030859999513,-1.0719845248,-8.6165541826,6.269195212,-4.2700000000000005,10.57,-2.9400000000000004,-0.21499511060999996,-8.27485911532,5.845426329539999,-7.738499999999999,5.096000000000001,5.183499999999999
3.7487000499999112,-1.1126625089999997,-8.5998044244,6.276373679799999,-4.340000000000001,9.31,-4.9,-0.29359933301999996,-8.311349659969999,5.872225942659998,-6.580000000000001,5.9955,4.623499999999999
3.757082013999934,-1.1509476706000001,-8.604590069599999,6.257231098999999,-5.390000000000001,7.140000000000001,-6.65,-0.3763909949799999,-8.342575994899999,5.900341608209999,-5.663000000000001,6.702500000000001,3.9339999999999984
3.7656489779999447,-1.2825529135999998,-8.602197247,6.276373679799999,-5.74,6.65,-6.23,-0.46971107638,-8.36901668463,5.926303733419999,-4.945500000000001,7.318500000000002,3.2969999999999984
3.7773779279999644,-1.2753744458,-8.650053698999999,6.1543397272,-4.9,6.16,-6.510000000000001,-0.54807601653,-8.395218092099999,5.949992677159999,-4.6515,7.7595,2.4639999999999995
3.7858718909999425,-1.2921242039999998,-8.676374747599999,6.185446420999999,-2.66,5.180000000000001,-7.210000000000001,-0.62512490425,-8.429315814149998,5.973322697509999,-4.4835,8.043000000000001,1.4875000000000007
3.7944188550000035,-1.3950155758,-8.73380249,6.173482308,-0.9100000000000001,4.760000000000001,-7.98,-0.69966132824,-8.462695689419999,6.000840157409999,-4.430999999999999,8.253,0.476
3.8030018189999737,-1.4428720278,-8.709874264,6.1471612594,0.28,4.0600000000000005,-9.030000000000001,-0.7735995465800001,-8.490691713839999,6.0228541253299985,-4.371499999999999,8.379000000000001,-0.5810000000000001
3.811208783999973,-1.3902299305999999,-8.6069828922,6.1686966628,0.77,2.1700000000000004,-10.57,-0.8440681721500001,-8.509116447859999,6.04486809325,-4.3469999999999995,8.337,-1.6520000000000004
3.8198077469999134,-1.3447663011999997,-8.6476608764,6.2428741634,0.56,0.9800000000000001,-11.55,-0.9074779710499999,-8.53436072629,6.06987308942,-4.298,8.1585,-2.6985
3.828248710999901,-1.2466605746,-8.5974116018,6.283552147599999,0.9100000000000001,-0.21000000000000002,-12.180000000000001,-0.96418786667,-8.55374258935,6.0988262428799995,-4.1055,7.853999999999997,-3.682000000000001
3.836877673999993,-1.1150553316,-8.434699665,6.2500526312,1.12,-1.4700000000000002,-12.32,-1.0106086251100002,-8.55804967003,6.1194045172400005,-3.7625,7.3885000000000005,-4.539500000000001
3.845423637999943,-1.0528419439999999,-8.327022648,6.2117674696,1.54,-2.1700000000000004,-11.9,-1.04769737541,-8.55374258935,6.137948892390001,-3.367,6.807499999999999,-5.288500000000001
3.853867601999923,-1.0671988796,-8.427521197199999,6.218945937399999,0.49000000000000005,-3.5000000000000004,-11.06,-1.07964155712,-8.55362294822,6.153621880419999,-2.9995000000000007,6.0969999999999995,-5.901000000000001
3.8621135669999376,-1.0313065406,-8.4729848266,6.362515293399999,-17.92,-4.340000000000001,-11.200000000000001,-1.1064411702399999,-8.555297924040001,6.17695190077,-3.4894999999999996,5.3130000000000015,-6.5135000000000005
3.8707245299999613,-1.016949605,-8.4681991814,6.293123438,-2.3800000000000003,-5.390000000000001,-12.040000000000001,-1.12678016234,-8.55709254099,6.196692687219999,-3.2305,4.466000000000002,-7.154000000000001
3.879210493999949,-1.0217352502,-8.482556117,6.314658841399999,-4.2700000000000005,-6.16,-13.020000000000001,-1.1437692028000002,-8.55864787568,6.213083522029999,-3.101,3.5770000000000017,-7.850500000000001
3.8878334569999424,-1.0241280728,-8.6787675702,6.317051663999999,-5.670000000000001,-6.65,-13.020000000000001,-1.1576475738799998,-8.56821916608,6.231508256050001,-3.1010000000000004,2.6355000000000013,-8.543500000000002
3.8964764209999885,-1.088734283,-8.8965144268,6.3481583578,-6.65,-7.98,-13.020000000000001,-1.16985096914,-8.590233133999998,6.24694196182,-3.1955,1.585500000000001,-9.208500000000003
3.9048603850000063,-1.016949605,-8.956334991799999,6.2979090831999995,-5.670000000000001,-9.030000000000001,-13.930000000000001,-1.17200450948,-8.609495355929997,6.2524454538,-3.2550000000000003,0.5039999999999998,-9.863000000000003
